This is pdfTeX, Version 3.141592653-2.6-1.40.28 (TeX Live 2025/Debian) (preloaded format=pdflatex 2026.9.28)  6 OCT 2026 15:11
entering extended mode
 \write18 enabled.
 %&-line parsing enabled.
**Lab_nb.tex
(./Lab_nb.tex
LaTeX2e <2025-11-01>
L3 programming layer <2026-01-19>
(/usr/share/texlive/texmf-dist/tex/latex/base/book.cls
Document Class: book 2025/01/22 v1.4n Standard LaTeX document class
(/usr/share/texlive/texmf-dist/tex/latex/base/bk10.clo
File: bk10.clo 2025/01/22 v1.4n Standard LaTeX file (size option)
)
\c@part=\count275
\c@chapter=\count276
\c@section=\count277
\c@subsection=\count278
\c@subsubsection=\count279
\c@paragraph=\count280
\c@subparagraph=\count281
\c@figure=\count282
\c@table=\count283
\abovecaptionskip=\skip49
\belowcaptionskip=\skip50
\bibindent=\dimen148
)
(/usr/share/texlive/texmf-dist/tex/latex/preprint/fullpage.sty
Package: fullpage 1999/02/23 1.1 (PWD)
\FP@margin=\skip51
)
(/usr/share/texlive/texmf-dist/tex/latex/svg/svg.sty
Package: svg 2020/11/26 v2.02k (include SVG pictures)

(/usr/share/texlive/texmf-dist/tex/generic/iftex/iftex.sty
Package: iftex 2024/12/12 v1.0g TeX engine tests
)
(/usr/share/texlive/texmf-dist/tex/latex/koma-script/scrbase.sty
Package: scrbase 2025/12/01 v3.49 KOMA-Script package (KOMA-Script-independent 
basics and keyval usage)

(/usr/share/texlive/texmf-dist/tex/latex/koma-script/scrlfile.sty
Package: scrlfile 2025/12/01 v3.49 KOMA-Script package (file load hooks)

(/usr/share/texlive/texmf-dist/tex/latex/koma-script/scrlfile-hook.sty
Package: scrlfile-hook 2025/12/01 v3.49 KOMA-Script package (using LaTeX hooks)


(/usr/share/texlive/texmf-dist/tex/latex/koma-script/scrlogo.sty
Package: scrlogo 2025/12/01 v3.49 KOMA-Script package (logo)
)))
(/usr/share/texlive/texmf-dist/tex/latex/graphics/keyval.sty
Package: keyval 2022/05/29 v1.15 key=value parser (DPC)
\KV@toks@=\toks17
)
Applying: [2021/05/01] Usage of raw or classic option list on input line 254.
Already applied: [0000/00/00] Usage of raw or classic option list on input line
 370.
)
(/usr/share/texlive/texmf-dist/tex/generic/pdftexcmds/pdftexcmds.sty
Package: pdftexcmds 2020-06-27 v0.33 Utility functions of pdfTeX for LuaTeX (HO
)

(/usr/share/texlive/texmf-dist/tex/generic/infwarerr/infwarerr.sty
Package: infwarerr 2019/12/03 v1.5 Providing info/warning/error messages (HO)
)
(/usr/share/texlive/texmf-dist/tex/generic/ltxcmds/ltxcmds.sty
Package: ltxcmds 2023-12-04 v1.26 LaTeX kernel commands for general use (HO)
)
Package pdftexcmds Info: \pdf@primitive is available.
Package pdftexcmds Info: \pdf@ifprimitive is available.
Package pdftexcmds Info: \pdfdraftmode found.
)
(/usr/share/texlive/texmf-dist/tex/latex/trimspaces/trimspaces.sty
Package: trimspaces 2009/09/17 v1.1 Trim spaces around a token list
)
(/usr/share/texlive/texmf-dist/tex/latex/graphics/graphicx.sty
Package: graphicx 2024/12/31 v1.2e Enhanced LaTeX Graphics (DPC,SPQR)

(/usr/share/texlive/texmf-dist/tex/latex/graphics/graphics.sty
Package: graphics 2024/08/06 v1.4g Standard LaTeX Graphics (DPC,SPQR)

(/usr/share/texlive/texmf-dist/tex/latex/graphics/trig.sty
Package: trig 2023/12/02 v1.11 sin cos tan (DPC)
)
(/usr/share/texlive/texmf-dist/tex/latex/graphics-cfg/graphics.cfg
File: graphics.cfg 2016/06/04 v1.11 sample graphics configuration
)
Package graphics Info: Driver file: pdftex.def on input line 106.

(/usr/share/texlive/texmf-dist/tex/latex/graphics-def/pdftex.def
File: pdftex.def 2025/09/29 v1.2d Graphics/color driver for pdftex
))
\Gin@req@height=\dimen149
\Gin@req@width=\dimen150
)
(/usr/share/texlive/texmf-dist/tex/latex/tools/shellesc.sty
Package: shellesc 2023/07/08 v1.0d unified shell escape interface for LaTeX
Package shellesc Info: Unrestricted shell escape enabled on input line 75.
)
(/usr/share/texlive/texmf-dist/tex/latex/ifplatform/ifplatform.sty
Package: ifplatform 2017/10/13 v0.4a Testing for the operating system

(/usr/share/texlive/texmf-dist/tex/generic/catchfile/catchfile.sty
Package: catchfile 2019/12/09 v1.8 Catch the contents of a file (HO)

(/usr/share/texlive/texmf-dist/tex/generic/etexcmds/etexcmds.sty
Package: etexcmds 2019/12/15 v1.7 Avoid name clashes with e-TeX commands (HO)
))
(/usr/share/texlive/texmf-dist/tex/generic/iftex/ifluatex.sty
Package: ifluatex 2019/10/25 v1.5 ifluatex legacy package. Use iftex instead.
)
runsystem(uname -s > "Lab_nb.w18")...executed.

 (./Lab_nb.w18)
runsystem(rm -- "Lab_nb.w18")...executed.

)
\c@svg@param@lastpage=\count284
\svg@box=\box53
\c@svg@param@currpage=\count285
) (/usr/share/texlive/texmf-dist/tex/latex/xcolor/xcolor.sty
Package: xcolor 2024/09/29 v3.02 LaTeX color extensions (UK)

(/usr/share/texlive/texmf-dist/tex/latex/graphics-cfg/color.cfg
File: color.cfg 2016/01/02 v1.6 sample color configuration
)
Package xcolor Info: Driver file: pdftex.def on input line 274.

(/usr/share/texlive/texmf-dist/tex/latex/graphics/mathcolor.ltx)
Package xcolor Info: Model `cmy' substituted by `cmy0' on input line 1349.
Package xcolor Info: Model `hsb' substituted by `rgb' on input line 1353.
Package xcolor Info: Model `RGB' extended on input line 1365.
Package xcolor Info: Model `HTML' substituted by `rgb' on input line 1367.
Package xcolor Info: Model `Hsb' substituted by `hsb' on input line 1368.
Package xcolor Info: Model `tHsb' substituted by `hsb' on input line 1369.
Package xcolor Info: Model `HSB' substituted by `hsb' on input line 1370.
Package xcolor Info: Model `Gray' substituted by `gray' on input line 1371.
Package xcolor Info: Model `wave' substituted by `hsb' on input line 1372.
)
(/usr/share/texlive/texmf-dist/tex/latex/transparent/transparent.sty
Package: transparent 2025-06-23 v1.6 Transparency with color stacks

(/usr/share/texlive/texmf-dist/tex/latex/transparent/transparent-nometadata.sty
Package: transparent-nometadata 2025-06-23 v1.6 Transparency via pdfTeX's color
 stack (HO)
(/usr/share/texlive/texmf-dist/tex/latex/auxhook/auxhook.sty
Package: auxhook 2019-12-17 v1.6 Hooks for auxiliary files (HO)
)))
(/usr/share/texlive/texmf-dist/tex/latex/pgf/systemlayer/pgfsys.sty
(/usr/share/texlive/texmf-dist/tex/latex/pgf/utilities/pgfrcs.sty
(/usr/share/texlive/texmf-dist/tex/generic/pgf/utilities/pgfutil-common.tex
\pgfutil@everybye=\toks18
\pgfutil@tempdima=\dimen151
\pgfutil@tempdimb=\dimen152
)
(/usr/share/texlive/texmf-dist/tex/generic/pgf/utilities/pgfutil-latex.def
\pgfutil@abb=\box54
)
(/usr/share/texlive/texmf-dist/tex/generic/pgf/utilities/pgfrcs.code.tex
(/usr/share/texlive/texmf-dist/tex/generic/pgf/pgf.revision.tex)
Package: pgfrcs 2025-08-29 v3.1.11a (3.1.11a)
))
(/usr/share/texlive/texmf-dist/tex/generic/pgf/systemlayer/pgfsys.code.tex
Package: pgfsys 2025-08-29 v3.1.11a (3.1.11a)

(/usr/share/texlive/texmf-dist/tex/generic/pgf/utilities/pgfkeys.code.tex
\pgfkeys@pathtoks=\toks19
\pgfkeys@temptoks=\toks20

(/usr/share/texlive/texmf-dist/tex/generic/pgf/utilities/pgfkeyslibraryfiltered
.code.tex
\pgfkeys@tmptoks=\toks21
))
\pgf@x=\dimen153
\pgf@y=\dimen154
\pgf@xa=\dimen155
\pgf@ya=\dimen156
\pgf@xb=\dimen157
\pgf@yb=\dimen158
\pgf@xc=\dimen159
\pgf@yc=\dimen160
\pgf@xd=\dimen161
\pgf@yd=\dimen162
\w@pgf@writea=\write3
\r@pgf@reada=\read2
\c@pgf@counta=\count286
\c@pgf@countb=\count287
\c@pgf@countc=\count288
\c@pgf@countd=\count289
\t@pgf@toka=\toks22
\t@pgf@tokb=\toks23
\t@pgf@tokc=\toks24
\pgf@sys@id@count=\count290
 (/usr/share/texlive/texmf-dist/tex/generic/pgf/systemlayer/pgf.cfg
File: pgf.cfg 2025-08-29 v3.1.11a (3.1.11a)
)
Driver file for pgf: pgfsys-pdftex.def
(/usr/share/texlive/texmf-dist/tex/generic/pgf/systemlayer/pgfsys-pdftex.def
File: pgfsys-pdftex.def 2025-08-29 v3.1.11a (3.1.11a)

(/usr/share/texlive/texmf-dist/tex/generic/pgf/systemlayer/pgfsys-common-pdf.de
f
File: pgfsys-common-pdf.def 2025-08-29 v3.1.11a (3.1.11a)
)))
(/usr/share/texlive/texmf-dist/tex/generic/pgf/systemlayer/pgfsyssoftpath.code.
tex
File: pgfsyssoftpath.code.tex 2025-08-29 v3.1.11a (3.1.11a)
\pgfsyssoftpath@smallbuffer@items=\count291
\pgfsyssoftpath@bigbuffer@items=\count292
)
(/usr/share/texlive/texmf-dist/tex/generic/pgf/systemlayer/pgfsysprotocol.code.
tex
File: pgfsysprotocol.code.tex 2025-08-29 v3.1.11a (3.1.11a)
)) (/usr/share/texlive/texmf-dist/tex/latex/amsmath/amsmath.sty
Package: amsmath 2025/07/09 v2.17z AMS math features
\@mathmargin=\skip52

For additional information on amsmath, use the `?' option.
(/usr/share/texlive/texmf-dist/tex/latex/amsmath/amstext.sty
Package: amstext 2024/11/17 v2.01 AMS text

(/usr/share/texlive/texmf-dist/tex/latex/amsmath/amsgen.sty
File: amsgen.sty 1999/11/30 v2.0 generic functions
\@emptytoks=\toks25
\ex@=\dimen163
))
(/usr/share/texlive/texmf-dist/tex/latex/amsmath/amsbsy.sty
Package: amsbsy 1999/11/29 v1.2d Bold Symbols
\pmbraise@=\dimen164
)
(/usr/share/texlive/texmf-dist/tex/latex/amsmath/amsopn.sty
Package: amsopn 2022/04/08 v2.04 operator names
)
\inf@bad=\count293
LaTeX Info: Redefining \frac on input line 233.
\uproot@=\count294
\leftroot@=\count295
LaTeX Info: Redefining \overline on input line 398.
LaTeX Info: Redefining \colon on input line 409.
\classnum@=\count296
\DOTSCASE@=\count297
LaTeX Info: Redefining \ldots on input line 495.
LaTeX Info: Redefining \dots on input line 498.
LaTeX Info: Redefining \cdots on input line 619.
\Mathstrutbox@=\box55
\strutbox@=\box56
LaTeX Info: Redefining \big on input line 721.
LaTeX Info: Redefining \Big on input line 722.
LaTeX Info: Redefining \bigg on input line 723.
LaTeX Info: Redefining \Bigg on input line 724.
\big@size=\dimen165
LaTeX Font Info:    Redeclaring font encoding OML on input line 742.
LaTeX Font Info:    Redeclaring font encoding OMS on input line 743.
\macc@depth=\count298
LaTeX Info: Redefining \bmod on input line 904.
LaTeX Info: Redefining \pmod on input line 909.
LaTeX Info: Redefining \smash on input line 939.
LaTeX Info: Redefining \relbar on input line 969.
LaTeX Info: Redefining \Relbar on input line 970.
\c@MaxMatrixCols=\count299
\dotsspace@=\muskip17
\c@parentequation=\count300
\dspbrk@lvl=\count301
\tag@help=\toks26
\row@=\count302
\column@=\count303
\maxfields@=\count304
\andhelp@=\toks27
\eqnshift@=\dimen166
\alignsep@=\dimen167
\tagshift@=\dimen168
\tagwidth@=\dimen169
\totwidth@=\dimen170
\lineht@=\dimen171
\@envbody=\toks28
\multlinegap=\skip53
\multlinetaggap=\skip54
\mathdisplay@stack=\toks29
LaTeX Info: Redefining \[ on input line 2950.
LaTeX Info: Redefining \] on input line 2951.
)
(/usr/share/texlive/texmf-dist/tex/latex/listings/listings.sty
\lst@mode=\count305
\lst@gtempboxa=\box57
\lst@token=\toks30
\lst@length=\count306
\lst@currlwidth=\dimen172
\lst@column=\count307
\lst@pos=\count308
\lst@lostspace=\dimen173
\lst@width=\dimen174
\lst@newlines=\count309
\lst@lineno=\count310
\lst@maxwidth=\dimen175

(/usr/share/texlive/texmf-dist/tex/latex/listings/lstpatch.sty
File: lstpatch.sty 2025/11/14 1.11b (Carsten Heinz)
)
(/usr/share/texlive/texmf-dist/tex/latex/listings/lstmisc.sty
File: lstmisc.sty 2025/11/14 1.11b (Carsten Heinz)
\c@lstnumber=\count311
\lst@skipnumbers=\count312
\lst@framebox=\box58
)
(/usr/share/texlive/texmf-dist/tex/latex/listings/listings.cfg
File: listings.cfg 2025/11/14 1.11b listings configuration
))
Package: listings 2025/11/14 1.11b (Carsten Heinz)

==> First Aid for listings.sty no longer applied!
    Expected:
        2024/09/23 1.10c (Carsten Heinz)
    but found:
        2025/11/14 1.11b (Carsten Heinz)
    so I'm assuming it got fixed.
(/usr/share/texlive/texmf-dist/tex/latex/float/float.sty
Package: float 2001/11/08 v1.3d Float enhancements (AL)
\c@float@type=\count313
\float@exts=\toks31
\float@box=\box59
\@float@everytoks=\toks32
\@floatcapt=\box60
)
(/usr/share/texlive/texmf-dist/tex/latex/l3backend/l3backend-pdftex.def
File: l3backend-pdftex.def 2025-10-09 L3 backend support: PDF output (pdfTeX)
\l__color_backend_stack_int=\count314
)
(./Lab_nb.aux)
\openout1 = `Lab_nb.aux'.

LaTeX Font Info:    Checking defaults for OML/cmm/m/it on input line 74.
LaTeX Font Info:    ... okay on input line 74.
LaTeX Font Info:    Checking defaults for OMS/cmsy/m/n on input line 74.
LaTeX Font Info:    ... okay on input line 74.
LaTeX Font Info:    Checking defaults for OT1/cmr/m/n on input line 74.
LaTeX Font Info:    ... okay on input line 74.
LaTeX Font Info:    Checking defaults for T1/cmr/m/n on input line 74.
LaTeX Font Info:    ... okay on input line 74.
LaTeX Font Info:    Checking defaults for TS1/cmr/m/n on input line 74.
LaTeX Font Info:    ... okay on input line 74.
LaTeX Font Info:    Checking defaults for OMX/cmex/m/n on input line 74.
LaTeX Font Info:    ... okay on input line 74.
LaTeX Font Info:    Checking defaults for U/cmr/m/n on input line 74.
LaTeX Font Info:    ... okay on input line 74.

(/usr/share/texlive/texmf-dist/tex/context/base/mkii/supp-pdf.mkii
[Loading MPS to PDF converter (version 2006.09.02).]
\scratchcounter=\count315
\scratchdimen=\dimen176
\scratchbox=\box61
\nofMPsegments=\count316
\nofMParguments=\count317
\everyMPshowfont=\toks33
\MPscratchCnt=\count318
\MPscratchDim=\dimen177
\MPnumerator=\count319
\makeMPintoPDFobject=\count320
\everyMPtoPDFconversion=\toks34
) (/usr/share/texlive/texmf-dist/tex/latex/epstopdf-pkg/epstopdf-base.sty
Package: epstopdf-base 2020-01-24 v2.11 Base part for package epstopdf
Package epstopdf-base Info: Redefining graphics rule for `.eps' on input line 4
85.

(/usr/share/texlive/texmf-dist/tex/latex/latexconfig/epstopdf-sys.cfg
File: epstopdf-sys.cfg 2010/07/13 v1.3 Configuration of (r)epstopdf for TeX Liv
e
))
\c@lstlisting=\count321

[1


{/var/lib/texmf/fonts/map/pdftex/updmap/pdftex.map}]
(../../Lab-files/GP-Files/1/Q_xvii.gp
LaTeX Font Info:    Font shape `OT1/cmtt/bx/n' in size <9> not available
(Font)              Font shape `OT1/cmtt/m/n' tried instead on input line 2.
)
Package svg Info: Last page of `./svg-inkscape/Q_xvii_ou_svg-tex.pdf' is 18 on 
input line 104.

(./svg-inkscape/Q_xvii_ou_svg-tex.pdf_tex
<./svg-inkscape/Q_xvii_ou_svg-tex.pdf, id=12, page=1, 451.6875pt x 361.35pt>
File: ./svg-inkscape/Q_xvii_ou_svg-tex.pdf Graphic file (type pdf)
<use ./svg-inkscape/Q_xvii_ou_svg-tex.pdf, page 1>
Package pdftex.def Info: ./svg-inkscape/Q_xvii_ou_svg-tex.pdf , page1 used on i
nput line 56.
(pdftex.def)             Requested size: 469.75502pt x 375.82822pt.
<./svg-inkscape/Q_xvii_ou_svg-tex.pdf, id=13, page=2, 451.6875pt x 361.35pt>
File: ./svg-inkscape/Q_xvii_ou_svg-tex.pdf Graphic file (type pdf)
<use ./svg-inkscape/Q_xvii_ou_svg-tex.pdf, page 2>
Package pdftex.def Info: ./svg-inkscape/Q_xvii_ou_svg-tex.pdf , page2 used on i
nput line 58.
(pdftex.def)             Requested size: 469.75502pt x 375.82822pt.
<./svg-inkscape/Q_xvii_ou_svg-tex.pdf, id=14, page=3, 451.6875pt x 361.35pt>
File: ./svg-inkscape/Q_xvii_ou_svg-tex.pdf Graphic file (type pdf)
<use ./svg-inkscape/Q_xvii_ou_svg-tex.pdf, page 3>
Package pdftex.def Info: ./svg-inkscape/Q_xvii_ou_svg-tex.pdf , page3 used on i
nput line 60.
(pdftex.def)             Requested size: 469.75502pt x 375.82822pt.
<./svg-inkscape/Q_xvii_ou_svg-tex.pdf, id=15, page=4, 451.6875pt x 361.35pt>
File: ./svg-inkscape/Q_xvii_ou_svg-tex.pdf Graphic file (type pdf)
<use ./svg-inkscape/Q_xvii_ou_svg-tex.pdf, page 4>
Package pdftex.def Info: ./svg-inkscape/Q_xvii_ou_svg-tex.pdf , page4 used on i
nput line 62.
(pdftex.def)             Requested size: 469.75502pt x 375.82822pt.
<./svg-inkscape/Q_xvii_ou_svg-tex.pdf, id=16, page=5, 451.6875pt x 361.35pt>
File: ./svg-inkscape/Q_xvii_ou_svg-tex.pdf Graphic file (type pdf)
<use ./svg-inkscape/Q_xvii_ou_svg-tex.pdf, page 5>
Package pdftex.def Info: ./svg-inkscape/Q_xvii_ou_svg-tex.pdf , page5 used on i
nput line 64.
(pdftex.def)             Requested size: 469.75502pt x 375.82822pt.
<./svg-inkscape/Q_xvii_ou_svg-tex.pdf, id=17, page=6, 451.6875pt x 361.35pt>
File: ./svg-inkscape/Q_xvii_ou_svg-tex.pdf Graphic file (type pdf)
<use ./svg-inkscape/Q_xvii_ou_svg-tex.pdf, page 6>
Package pdftex.def Info: ./svg-inkscape/Q_xvii_ou_svg-tex.pdf , page6 used on i
nput line 66.
(pdftex.def)             Requested size: 469.75502pt x 375.82822pt.
<./svg-inkscape/Q_xvii_ou_svg-tex.pdf, id=18, page=7, 451.6875pt x 361.35pt>
File: ./svg-inkscape/Q_xvii_ou_svg-tex.pdf Graphic file (type pdf)
<use ./svg-inkscape/Q_xvii_ou_svg-tex.pdf, page 7>
Package pdftex.def Info: ./svg-inkscape/Q_xvii_ou_svg-tex.pdf , page7 used on i
nput line 68.
(pdftex.def)             Requested size: 469.75502pt x 375.82822pt.
<./svg-inkscape/Q_xvii_ou_svg-tex.pdf, id=19, page=8, 451.6875pt x 361.35pt>
File: ./svg-inkscape/Q_xvii_ou_svg-tex.pdf Graphic file (type pdf)
<use ./svg-inkscape/Q_xvii_ou_svg-tex.pdf, page 8>
Package pdftex.def Info: ./svg-inkscape/Q_xvii_ou_svg-tex.pdf , page8 used on i
nput line 70.
(pdftex.def)             Requested size: 469.75502pt x 375.82822pt.
<./svg-inkscape/Q_xvii_ou_svg-tex.pdf, id=20, page=9, 451.6875pt x 361.35pt>
File: ./svg-inkscape/Q_xvii_ou_svg-tex.pdf Graphic file (type pdf)
<use ./svg-inkscape/Q_xvii_ou_svg-tex.pdf, page 9>
Package pdftex.def Info: ./svg-inkscape/Q_xvii_ou_svg-tex.pdf , page9 used on i
nput line 72.
(pdftex.def)             Requested size: 469.75502pt x 375.82822pt.
<./svg-inkscape/Q_xvii_ou_svg-tex.pdf, id=21, page=10, 451.6875pt x 361.35pt>
File: ./svg-inkscape/Q_xvii_ou_svg-tex.pdf Graphic file (type pdf)
<use ./svg-inkscape/Q_xvii_ou_svg-tex.pdf, page 10>
Package pdftex.def Info: ./svg-inkscape/Q_xvii_ou_svg-tex.pdf , page10 used on 
input line 74.
(pdftex.def)             Requested size: 469.75502pt x 375.82822pt.
<./svg-inkscape/Q_xvii_ou_svg-tex.pdf, id=22, page=11, 451.6875pt x 361.35pt>
File: ./svg-inkscape/Q_xvii_ou_svg-tex.pdf Graphic file (type pdf)
<use ./svg-inkscape/Q_xvii_ou_svg-tex.pdf, page 11>
Package pdftex.def Info: ./svg-inkscape/Q_xvii_ou_svg-tex.pdf , page11 used on 
input line 76.
(pdftex.def)             Requested size: 469.75502pt x 375.82822pt.
<./svg-inkscape/Q_xvii_ou_svg-tex.pdf, id=23, page=12, 451.6875pt x 361.35pt>
File: ./svg-inkscape/Q_xvii_ou_svg-tex.pdf Graphic file (type pdf)
<use ./svg-inkscape/Q_xvii_ou_svg-tex.pdf, page 12>
Package pdftex.def Info: ./svg-inkscape/Q_xvii_ou_svg-tex.pdf , page12 used on 
input line 78.
(pdftex.def)             Requested size: 469.75502pt x 375.82822pt.
<./svg-inkscape/Q_xvii_ou_svg-tex.pdf, id=24, page=13, 451.6875pt x 361.35pt>
File: ./svg-inkscape/Q_xvii_ou_svg-tex.pdf Graphic file (type pdf)
<use ./svg-inkscape/Q_xvii_ou_svg-tex.pdf, page 13>
Package pdftex.def Info: ./svg-inkscape/Q_xvii_ou_svg-tex.pdf , page13 used on 
input line 80.
(pdftex.def)             Requested size: 469.75502pt x 375.82822pt.
<./svg-inkscape/Q_xvii_ou_svg-tex.pdf, id=25, page=14, 451.6875pt x 361.35pt>
File: ./svg-inkscape/Q_xvii_ou_svg-tex.pdf Graphic file (type pdf)
<use ./svg-inkscape/Q_xvii_ou_svg-tex.pdf, page 14>
Package pdftex.def Info: ./svg-inkscape/Q_xvii_ou_svg-tex.pdf , page14 used on 
input line 82.
(pdftex.def)             Requested size: 469.75502pt x 375.82822pt.
<./svg-inkscape/Q_xvii_ou_svg-tex.pdf, id=26, page=15, 451.6875pt x 361.35pt>
File: ./svg-inkscape/Q_xvii_ou_svg-tex.pdf Graphic file (type pdf)
<use ./svg-inkscape/Q_xvii_ou_svg-tex.pdf, page 15>
Package pdftex.def Info: ./svg-inkscape/Q_xvii_ou_svg-tex.pdf , page15 used on 
input line 84.
(pdftex.def)             Requested size: 469.75502pt x 375.82822pt.
<./svg-inkscape/Q_xvii_ou_svg-tex.pdf, id=27, page=16, 451.6875pt x 361.35pt>
File: ./svg-inkscape/Q_xvii_ou_svg-tex.pdf Graphic file (type pdf)
<use ./svg-inkscape/Q_xvii_ou_svg-tex.pdf, page 16>
Package pdftex.def Info: ./svg-inkscape/Q_xvii_ou_svg-tex.pdf , page16 used on 
input line 86.
(pdftex.def)             Requested size: 469.75502pt x 375.82822pt.
<./svg-inkscape/Q_xvii_ou_svg-tex.pdf, id=28, page=17, 451.6875pt x 361.35pt>
File: ./svg-inkscape/Q_xvii_ou_svg-tex.pdf Graphic file (type pdf)
<use ./svg-inkscape/Q_xvii_ou_svg-tex.pdf, page 17>
Package pdftex.def Info: ./svg-inkscape/Q_xvii_ou_svg-tex.pdf , page17 used on 
input line 88.
(pdftex.def)             Requested size: 469.75502pt x 375.82822pt.
<./svg-inkscape/Q_xvii_ou_svg-tex.pdf, id=29, page=18, 451.6875pt x 361.35pt>
File: ./svg-inkscape/Q_xvii_ou_svg-tex.pdf Graphic file (type pdf)
<use ./svg-inkscape/Q_xvii_ou_svg-tex.pdf, page 18>
Package pdftex.def Info: ./svg-inkscape/Q_xvii_ou_svg-tex.pdf , page18 used on 
input line 90.
(pdftex.def)             Requested size: 469.75502pt x 375.82822pt.
)
Underfull \vbox (badness 10000) has occurred while \output is active []

 [2]
[3 <./svg-inkscape/Q_xvii_ou_svg-tex.pdf> <./svg-inkscape/Q_xvii_ou_svg-tex.pdf


pdfTeX warning: pdflatex (file ./svg-inkscape/Q_xvii_ou_svg-tex.pdf): PDF inclu
sion: multiple pdfs with page group included in a single page
> <./svg-inkscape/Q_xvii_ou_svg-tex.pdf

pdfTeX warning: pdflatex (file ./svg-inkscape/Q_xvii_ou_svg-tex.pdf): PDF inclu
sion: multiple pdfs with page group included in a single page
> <./svg-inkscape/Q_xvii_ou_svg-tex.pdf

pdfTeX warning: pdflatex (file ./svg-inkscape/Q_xvii_ou_svg-tex.pdf): PDF inclu
sion: multiple pdfs with page group included in a single page
> <./svg-inkscape/Q_xvii_ou_svg-tex.pdf

pdfTeX warning: pdflatex (file ./svg-inkscape/Q_xvii_ou_svg-tex.pdf): PDF inclu
sion: multiple pdfs with page group included in a single page
> <./svg-inkscape/Q_xvii_ou_svg-tex.pdf

pdfTeX warning: pdflatex (file ./svg-inkscape/Q_xvii_ou_svg-tex.pdf): PDF inclu
sion: multiple pdfs with page group included in a single page
> <./svg-inkscape/Q_xvii_ou_svg-tex.pdf

pdfTeX warning: pdflatex (file ./svg-inkscape/Q_xvii_ou_svg-tex.pdf): PDF inclu
sion: multiple pdfs with page group included in a single page
> <./svg-inkscape/Q_xvii_ou_svg-tex.pdf

pdfTeX warning: pdflatex (file ./svg-inkscape/Q_xvii_ou_svg-tex.pdf): PDF inclu
sion: multiple pdfs with page group included in a single page
> <./svg-inkscape/Q_xvii_ou_svg-tex.pdf

pdfTeX warning: pdflatex (file ./svg-inkscape/Q_xvii_ou_svg-tex.pdf): PDF inclu
sion: multiple pdfs with page group included in a single page
> <./svg-inkscape/Q_xvii_ou_svg-tex.pdf

pdfTeX warning: pdflatex (file ./svg-inkscape/Q_xvii_ou_svg-tex.pdf): PDF inclu
sion: multiple pdfs with page group included in a single page
> <./svg-inkscape/Q_xvii_ou_svg-tex.pdf

pdfTeX warning: pdflatex (file ./svg-inkscape/Q_xvii_ou_svg-tex.pdf): PDF inclu
sion: multiple pdfs with page group included in a single page
> <./svg-inkscape/Q_xvii_ou_svg-tex.pdf

pdfTeX warning: pdflatex (file ./svg-inkscape/Q_xvii_ou_svg-tex.pdf): PDF inclu
sion: multiple pdfs with page group included in a single page
> <./svg-inkscape/Q_xvii_ou_svg-tex.pdf

pdfTeX warning: pdflatex (file ./svg-inkscape/Q_xvii_ou_svg-tex.pdf): PDF inclu
sion: multiple pdfs with page group included in a single page
> <./svg-inkscape/Q_xvii_ou_svg-tex.pdf

pdfTeX warning: pdflatex (file ./svg-inkscape/Q_xvii_ou_svg-tex.pdf): PDF inclu
sion: multiple pdfs with page group included in a single page
> <./svg-inkscape/Q_xvii_ou_svg-tex.pdf

pdfTeX warning: pdflatex (file ./svg-inkscape/Q_xvii_ou_svg-tex.pdf): PDF inclu
sion: multiple pdfs with page group included in a single page
> <./svg-inkscape/Q_xvii_ou_svg-tex.pdf

pdfTeX warning: pdflatex (file ./svg-inkscape/Q_xvii_ou_svg-tex.pdf): PDF inclu
sion: multiple pdfs with page group included in a single page
> <./svg-inkscape/Q_xvii_ou_svg-tex.pdf

pdfTeX warning: pdflatex (file ./svg-inkscape/Q_xvii_ou_svg-tex.pdf): PDF inclu
sion: multiple pdfs with page group included in a single page
> <./svg-inkscape/Q_xvii_ou_svg-tex.pdf

pdfTeX warning: pdflatex (file ./svg-inkscape/Q_xvii_ou_svg-tex.pdf): PDF inclu
sion: multiple pdfs with page group included in a single page
>] (../../Lab-files/GP-Files/1/Q_xv.gp)
Package svg Info: Last page of `./svg-inkscape/Q_xv_ou_svg-tex.pdf' is 24 on in
put line 117.
 (./svg-inkscape/Q_xv_ou_svg-tex.pdf_tex
<./svg-inkscape/Q_xv_ou_svg-tex.pdf, id=48, page=1, 451.6875pt x 361.35pt>
File: ./svg-inkscape/Q_xv_ou_svg-tex.pdf Graphic file (type pdf)
<use ./svg-inkscape/Q_xv_ou_svg-tex.pdf, page 1>
Package pdftex.def Info: ./svg-inkscape/Q_xv_ou_svg-tex.pdf , page1 used on inp
ut line 56.
(pdftex.def)             Requested size: 469.75502pt x 375.82822pt.
<./svg-inkscape/Q_xv_ou_svg-tex.pdf, id=49, page=2, 451.6875pt x 361.35pt>
File: ./svg-inkscape/Q_xv_ou_svg-tex.pdf Graphic file (type pdf)
<use ./svg-inkscape/Q_xv_ou_svg-tex.pdf, page 2>
Package pdftex.def Info: ./svg-inkscape/Q_xv_ou_svg-tex.pdf , page2 used on inp
ut line 58.
(pdftex.def)             Requested size: 469.75502pt x 375.82822pt.
<./svg-inkscape/Q_xv_ou_svg-tex.pdf, id=50, page=3, 451.6875pt x 361.35pt>
File: ./svg-inkscape/Q_xv_ou_svg-tex.pdf Graphic file (type pdf)
<use ./svg-inkscape/Q_xv_ou_svg-tex.pdf, page 3>
Package pdftex.def Info: ./svg-inkscape/Q_xv_ou_svg-tex.pdf , page3 used on inp
ut line 60.
(pdftex.def)             Requested size: 469.75502pt x 375.82822pt.
<./svg-inkscape/Q_xv_ou_svg-tex.pdf, id=51, page=4, 451.6875pt x 361.35pt>
File: ./svg-inkscape/Q_xv_ou_svg-tex.pdf Graphic file (type pdf)
<use ./svg-inkscape/Q_xv_ou_svg-tex.pdf, page 4>
Package pdftex.def Info: ./svg-inkscape/Q_xv_ou_svg-tex.pdf , page4 used on inp
ut line 62.
(pdftex.def)             Requested size: 469.75502pt x 375.82822pt.
<./svg-inkscape/Q_xv_ou_svg-tex.pdf, id=52, page=5, 451.6875pt x 361.35pt>
File: ./svg-inkscape/Q_xv_ou_svg-tex.pdf Graphic file (type pdf)
<use ./svg-inkscape/Q_xv_ou_svg-tex.pdf, page 5>
Package pdftex.def Info: ./svg-inkscape/Q_xv_ou_svg-tex.pdf , page5 used on inp
ut line 64.
(pdftex.def)             Requested size: 469.75502pt x 375.82822pt.
<./svg-inkscape/Q_xv_ou_svg-tex.pdf, id=53, page=6, 451.6875pt x 361.35pt>
File: ./svg-inkscape/Q_xv_ou_svg-tex.pdf Graphic file (type pdf)
<use ./svg-inkscape/Q_xv_ou_svg-tex.pdf, page 6>
Package pdftex.def Info: ./svg-inkscape/Q_xv_ou_svg-tex.pdf , page6 used on inp
ut line 66.
(pdftex.def)             Requested size: 469.75502pt x 375.82822pt.
<./svg-inkscape/Q_xv_ou_svg-tex.pdf, id=54, page=7, 451.6875pt x 361.35pt>
File: ./svg-inkscape/Q_xv_ou_svg-tex.pdf Graphic file (type pdf)
<use ./svg-inkscape/Q_xv_ou_svg-tex.pdf, page 7>
Package pdftex.def Info: ./svg-inkscape/Q_xv_ou_svg-tex.pdf , page7 used on inp
ut line 68.
(pdftex.def)             Requested size: 469.75502pt x 375.82822pt.
<./svg-inkscape/Q_xv_ou_svg-tex.pdf, id=55, page=8, 451.6875pt x 361.35pt>
File: ./svg-inkscape/Q_xv_ou_svg-tex.pdf Graphic file (type pdf)
<use ./svg-inkscape/Q_xv_ou_svg-tex.pdf, page 8>
Package pdftex.def Info: ./svg-inkscape/Q_xv_ou_svg-tex.pdf , page8 used on inp
ut line 70.
(pdftex.def)             Requested size: 469.75502pt x 375.82822pt.
<./svg-inkscape/Q_xv_ou_svg-tex.pdf, id=56, page=9, 451.6875pt x 361.35pt>
File: ./svg-inkscape/Q_xv_ou_svg-tex.pdf Graphic file (type pdf)
<use ./svg-inkscape/Q_xv_ou_svg-tex.pdf, page 9>
Package pdftex.def Info: ./svg-inkscape/Q_xv_ou_svg-tex.pdf , page9 used on inp
ut line 72.
(pdftex.def)             Requested size: 469.75502pt x 375.82822pt.
<./svg-inkscape/Q_xv_ou_svg-tex.pdf, id=57, page=10, 451.6875pt x 361.35pt>
File: ./svg-inkscape/Q_xv_ou_svg-tex.pdf Graphic file (type pdf)
<use ./svg-inkscape/Q_xv_ou_svg-tex.pdf, page 10>
Package pdftex.def Info: ./svg-inkscape/Q_xv_ou_svg-tex.pdf , page10 used on in
put line 74.
(pdftex.def)             Requested size: 469.75502pt x 375.82822pt.
<./svg-inkscape/Q_xv_ou_svg-tex.pdf, id=58, page=11, 451.6875pt x 361.35pt>
File: ./svg-inkscape/Q_xv_ou_svg-tex.pdf Graphic file (type pdf)
<use ./svg-inkscape/Q_xv_ou_svg-tex.pdf, page 11>
Package pdftex.def Info: ./svg-inkscape/Q_xv_ou_svg-tex.pdf , page11 used on in
put line 76.
(pdftex.def)             Requested size: 469.75502pt x 375.82822pt.
<./svg-inkscape/Q_xv_ou_svg-tex.pdf, id=59, page=12, 451.6875pt x 361.35pt>
File: ./svg-inkscape/Q_xv_ou_svg-tex.pdf Graphic file (type pdf)
<use ./svg-inkscape/Q_xv_ou_svg-tex.pdf, page 12>
Package pdftex.def Info: ./svg-inkscape/Q_xv_ou_svg-tex.pdf , page12 used on in
put line 78.
(pdftex.def)             Requested size: 469.75502pt x 375.82822pt.
<./svg-inkscape/Q_xv_ou_svg-tex.pdf, id=60, page=13, 451.6875pt x 361.35pt>
File: ./svg-inkscape/Q_xv_ou_svg-tex.pdf Graphic file (type pdf)
<use ./svg-inkscape/Q_xv_ou_svg-tex.pdf, page 13>
Package pdftex.def Info: ./svg-inkscape/Q_xv_ou_svg-tex.pdf , page13 used on in
put line 80.
(pdftex.def)             Requested size: 469.75502pt x 375.82822pt.
<./svg-inkscape/Q_xv_ou_svg-tex.pdf, id=61, page=14, 451.6875pt x 361.35pt>
File: ./svg-inkscape/Q_xv_ou_svg-tex.pdf Graphic file (type pdf)
<use ./svg-inkscape/Q_xv_ou_svg-tex.pdf, page 14>
Package pdftex.def Info: ./svg-inkscape/Q_xv_ou_svg-tex.pdf , page14 used on in
put line 82.
(pdftex.def)             Requested size: 469.75502pt x 375.82822pt.
<./svg-inkscape/Q_xv_ou_svg-tex.pdf, id=62, page=15, 451.6875pt x 361.35pt>
File: ./svg-inkscape/Q_xv_ou_svg-tex.pdf Graphic file (type pdf)
<use ./svg-inkscape/Q_xv_ou_svg-tex.pdf, page 15>
Package pdftex.def Info: ./svg-inkscape/Q_xv_ou_svg-tex.pdf , page15 used on in
put line 84.
(pdftex.def)             Requested size: 469.75502pt x 375.82822pt.
<./svg-inkscape/Q_xv_ou_svg-tex.pdf, id=63, page=16, 451.6875pt x 361.35pt>
File: ./svg-inkscape/Q_xv_ou_svg-tex.pdf Graphic file (type pdf)
<use ./svg-inkscape/Q_xv_ou_svg-tex.pdf, page 16>
Package pdftex.def Info: ./svg-inkscape/Q_xv_ou_svg-tex.pdf , page16 used on in
put line 86.
(pdftex.def)             Requested size: 469.75502pt x 375.82822pt.
<./svg-inkscape/Q_xv_ou_svg-tex.pdf, id=64, page=17, 451.6875pt x 361.35pt>
File: ./svg-inkscape/Q_xv_ou_svg-tex.pdf Graphic file (type pdf)
<use ./svg-inkscape/Q_xv_ou_svg-tex.pdf, page 17>
Package pdftex.def Info: ./svg-inkscape/Q_xv_ou_svg-tex.pdf , page17 used on in
put line 88.
(pdftex.def)             Requested size: 469.75502pt x 375.82822pt.
<./svg-inkscape/Q_xv_ou_svg-tex.pdf, id=65, page=18, 451.6875pt x 361.35pt>
File: ./svg-inkscape/Q_xv_ou_svg-tex.pdf Graphic file (type pdf)
<use ./svg-inkscape/Q_xv_ou_svg-tex.pdf, page 18>
Package pdftex.def Info: ./svg-inkscape/Q_xv_ou_svg-tex.pdf , page18 used on in
put line 90.
(pdftex.def)             Requested size: 469.75502pt x 375.82822pt.
<./svg-inkscape/Q_xv_ou_svg-tex.pdf, id=66, page=19, 451.6875pt x 361.35pt>
File: ./svg-inkscape/Q_xv_ou_svg-tex.pdf Graphic file (type pdf)
<use ./svg-inkscape/Q_xv_ou_svg-tex.pdf, page 19>
Package pdftex.def Info: ./svg-inkscape/Q_xv_ou_svg-tex.pdf , page19 used on in
put line 92.
(pdftex.def)             Requested size: 469.75502pt x 375.82822pt.
<./svg-inkscape/Q_xv_ou_svg-tex.pdf, id=67, page=20, 451.6875pt x 361.35pt>
File: ./svg-inkscape/Q_xv_ou_svg-tex.pdf Graphic file (type pdf)
<use ./svg-inkscape/Q_xv_ou_svg-tex.pdf, page 20>
Package pdftex.def Info: ./svg-inkscape/Q_xv_ou_svg-tex.pdf , page20 used on in
put line 94.
(pdftex.def)             Requested size: 469.75502pt x 375.82822pt.
<./svg-inkscape/Q_xv_ou_svg-tex.pdf, id=68, page=21, 451.6875pt x 361.35pt>
File: ./svg-inkscape/Q_xv_ou_svg-tex.pdf Graphic file (type pdf)
<use ./svg-inkscape/Q_xv_ou_svg-tex.pdf, page 21>
Package pdftex.def Info: ./svg-inkscape/Q_xv_ou_svg-tex.pdf , page21 used on in
put line 96.
(pdftex.def)             Requested size: 469.75502pt x 375.82822pt.
<./svg-inkscape/Q_xv_ou_svg-tex.pdf, id=69, page=22, 451.6875pt x 361.35pt>
File: ./svg-inkscape/Q_xv_ou_svg-tex.pdf Graphic file (type pdf)
<use ./svg-inkscape/Q_xv_ou_svg-tex.pdf, page 22>
Package pdftex.def Info: ./svg-inkscape/Q_xv_ou_svg-tex.pdf , page22 used on in
put line 98.
(pdftex.def)             Requested size: 469.75502pt x 375.82822pt.
<./svg-inkscape/Q_xv_ou_svg-tex.pdf, id=70, page=23, 451.6875pt x 361.35pt>
File: ./svg-inkscape/Q_xv_ou_svg-tex.pdf Graphic file (type pdf)
<use ./svg-inkscape/Q_xv_ou_svg-tex.pdf, page 23>
Package pdftex.def Info: ./svg-inkscape/Q_xv_ou_svg-tex.pdf , page23 used on in
put line 100.
(pdftex.def)             Requested size: 469.75502pt x 375.82822pt.
<./svg-inkscape/Q_xv_ou_svg-tex.pdf, id=71, page=24, 451.6875pt x 361.35pt>
File: ./svg-inkscape/Q_xv_ou_svg-tex.pdf Graphic file (type pdf)
<use ./svg-inkscape/Q_xv_ou_svg-tex.pdf, page 24>
Package pdftex.def Info: ./svg-inkscape/Q_xv_ou_svg-tex.pdf , page24 used on in
put line 102.
(pdftex.def)             Requested size: 469.75502pt x 375.82822pt.
)
Underfull \vbox (badness 10000) has occurred while \output is active []

 [4]
[5 <./svg-inkscape/Q_xv_ou_svg-tex.pdf> <./svg-inkscape/Q_xv_ou_svg-tex.pdf

pdfTeX warning: pdflatex (file ./svg-inkscape/Q_xv_ou_svg-tex.pdf): PDF inclusi
on: multiple pdfs with page group included in a single page
> <./svg-inkscape/Q_xv_ou_svg-tex.pdf

pdfTeX warning: pdflatex (file ./svg-inkscape/Q_xv_ou_svg-tex.pdf): PDF inclusi
on: multiple pdfs with page group included in a single page
> <./svg-inkscape/Q_xv_ou_svg-tex.pdf

pdfTeX warning: pdflatex (file ./svg-inkscape/Q_xv_ou_svg-tex.pdf): PDF inclusi
on: multiple pdfs with page group included in a single page
> <./svg-inkscape/Q_xv_ou_svg-tex.pdf

pdfTeX warning: pdflatex (file ./svg-inkscape/Q_xv_ou_svg-tex.pdf): PDF inclusi
on: multiple pdfs with page group included in a single page
> <./svg-inkscape/Q_xv_ou_svg-tex.pdf

pdfTeX warning: pdflatex (file ./svg-inkscape/Q_xv_ou_svg-tex.pdf): PDF inclusi
on: multiple pdfs with page group included in a single page
> <./svg-inkscape/Q_xv_ou_svg-tex.pdf

pdfTeX warning: pdflatex (file ./svg-inkscape/Q_xv_ou_svg-tex.pdf): PDF inclusi
on: multiple pdfs with page group included in a single page
> <./svg-inkscape/Q_xv_ou_svg-tex.pdf

pdfTeX warning: pdflatex (file ./svg-inkscape/Q_xv_ou_svg-tex.pdf): PDF inclusi
on: multiple pdfs with page group included in a single page
> <./svg-inkscape/Q_xv_ou_svg-tex.pdf

pdfTeX warning: pdflatex (file ./svg-inkscape/Q_xv_ou_svg-tex.pdf): PDF inclusi
on: multiple pdfs with page group included in a single page
> <./svg-inkscape/Q_xv_ou_svg-tex.pdf

pdfTeX warning: pdflatex (file ./svg-inkscape/Q_xv_ou_svg-tex.pdf): PDF inclusi
on: multiple pdfs with page group included in a single page
> <./svg-inkscape/Q_xv_ou_svg-tex.pdf

pdfTeX warning: pdflatex (file ./svg-inkscape/Q_xv_ou_svg-tex.pdf): PDF inclusi
on: multiple pdfs with page group included in a single page
> <./svg-inkscape/Q_xv_ou_svg-tex.pdf

pdfTeX warning: pdflatex (file ./svg-inkscape/Q_xv_ou_svg-tex.pdf): PDF inclusi
on: multiple pdfs with page group included in a single page
> <./svg-inkscape/Q_xv_ou_svg-tex.pdf

pdfTeX warning: pdflatex (file ./svg-inkscape/Q_xv_ou_svg-tex.pdf): PDF inclusi
on: multiple pdfs with page group included in a single page
> <./svg-inkscape/Q_xv_ou_svg-tex.pdf

pdfTeX warning: pdflatex (file ./svg-inkscape/Q_xv_ou_svg-tex.pdf): PDF inclusi
on: multiple pdfs with page group included in a single page
> <./svg-inkscape/Q_xv_ou_svg-tex.pdf

pdfTeX warning: pdflatex (file ./svg-inkscape/Q_xv_ou_svg-tex.pdf): PDF inclusi
on: multiple pdfs with page group included in a single page
> <./svg-inkscape/Q_xv_ou_svg-tex.pdf

pdfTeX warning: pdflatex (file ./svg-inkscape/Q_xv_ou_svg-tex.pdf): PDF inclusi
on: multiple pdfs with page group included in a single page
> <./svg-inkscape/Q_xv_ou_svg-tex.pdf

pdfTeX warning: pdflatex (file ./svg-inkscape/Q_xv_ou_svg-tex.pdf): PDF inclusi
on: multiple pdfs with page group included in a single page
> <./svg-inkscape/Q_xv_ou_svg-tex.pdf

pdfTeX warning: pdflatex (file ./svg-inkscape/Q_xv_ou_svg-tex.pdf): PDF inclusi
on: multiple pdfs with page group included in a single page
> <./svg-inkscape/Q_xv_ou_svg-tex.pdf

pdfTeX warning: pdflatex (file ./svg-inkscape/Q_xv_ou_svg-tex.pdf): PDF inclusi
on: multiple pdfs with page group included in a single page
> <./svg-inkscape/Q_xv_ou_svg-tex.pdf

pdfTeX warning: pdflatex (file ./svg-inkscape/Q_xv_ou_svg-tex.pdf): PDF inclusi
on: multiple pdfs with page group included in a single page
> <./svg-inkscape/Q_xv_ou_svg-tex.pdf

pdfTeX warning: pdflatex (file ./svg-inkscape/Q_xv_ou_svg-tex.pdf): PDF inclusi
on: multiple pdfs with page group included in a single page
> <./svg-inkscape/Q_xv_ou_svg-tex.pdf

pdfTeX warning: pdflatex (file ./svg-inkscape/Q_xv_ou_svg-tex.pdf): PDF inclusi
on: multiple pdfs with page group included in a single page
> <./svg-inkscape/Q_xv_ou_svg-tex.pdf

pdfTeX warning: pdflatex (file ./svg-inkscape/Q_xv_ou_svg-tex.pdf): PDF inclusi
on: multiple pdfs with page group included in a single page
> <./svg-inkscape/Q_xv_ou_svg-tex.pdf

pdfTeX warning: pdflatex (file ./svg-inkscape/Q_xv_ou_svg-tex.pdf): PDF inclusi
on: multiple pdfs with page group included in a single page
>] (../../Lab-files/GP-Files/1/Q_i.gp)
Package svg Info: Last page of `./svg-inkscape/Q_i_ou_svg-tex.pdf' is 18 on inp
ut line 130.
 (./svg-inkscape/Q_i_ou_svg-tex.pdf_tex
<./svg-inkscape/Q_i_ou_svg-tex.pdf, id=82, page=1, 451.6875pt x 361.35pt>
File: ./svg-inkscape/Q_i_ou_svg-tex.pdf Graphic file (type pdf)
<use ./svg-inkscape/Q_i_ou_svg-tex.pdf, page 1>
Package pdftex.def Info: ./svg-inkscape/Q_i_ou_svg-tex.pdf , page1 used on inpu
t line 56.
(pdftex.def)             Requested size: 469.75502pt x 375.82822pt.
<./svg-inkscape/Q_i_ou_svg-tex.pdf, id=83, page=2, 451.6875pt x 361.35pt>
File: ./svg-inkscape/Q_i_ou_svg-tex.pdf Graphic file (type pdf)
<use ./svg-inkscape/Q_i_ou_svg-tex.pdf, page 2>
Package pdftex.def Info: ./svg-inkscape/Q_i_ou_svg-tex.pdf , page2 used on inpu
t line 58.
(pdftex.def)             Requested size: 469.75502pt x 375.82822pt.
<./svg-inkscape/Q_i_ou_svg-tex.pdf, id=84, page=3, 451.6875pt x 361.35pt>
File: ./svg-inkscape/Q_i_ou_svg-tex.pdf Graphic file (type pdf)
<use ./svg-inkscape/Q_i_ou_svg-tex.pdf, page 3>
Package pdftex.def Info: ./svg-inkscape/Q_i_ou_svg-tex.pdf , page3 used on inpu
t line 60.
(pdftex.def)             Requested size: 469.75502pt x 375.82822pt.
<./svg-inkscape/Q_i_ou_svg-tex.pdf, id=85, page=4, 451.6875pt x 361.35pt>
File: ./svg-inkscape/Q_i_ou_svg-tex.pdf Graphic file (type pdf)
<use ./svg-inkscape/Q_i_ou_svg-tex.pdf, page 4>
Package pdftex.def Info: ./svg-inkscape/Q_i_ou_svg-tex.pdf , page4 used on inpu
t line 62.
(pdftex.def)             Requested size: 469.75502pt x 375.82822pt.
<./svg-inkscape/Q_i_ou_svg-tex.pdf, id=86, page=5, 451.6875pt x 361.35pt>
File: ./svg-inkscape/Q_i_ou_svg-tex.pdf Graphic file (type pdf)
<use ./svg-inkscape/Q_i_ou_svg-tex.pdf, page 5>
Package pdftex.def Info: ./svg-inkscape/Q_i_ou_svg-tex.pdf , page5 used on inpu
t line 64.
(pdftex.def)             Requested size: 469.75502pt x 375.82822pt.
<./svg-inkscape/Q_i_ou_svg-tex.pdf, id=87, page=6, 451.6875pt x 361.35pt>
File: ./svg-inkscape/Q_i_ou_svg-tex.pdf Graphic file (type pdf)
<use ./svg-inkscape/Q_i_ou_svg-tex.pdf, page 6>
Package pdftex.def Info: ./svg-inkscape/Q_i_ou_svg-tex.pdf , page6 used on inpu
t line 66.
(pdftex.def)             Requested size: 469.75502pt x 375.82822pt.
<./svg-inkscape/Q_i_ou_svg-tex.pdf, id=88, page=7, 451.6875pt x 361.35pt>
File: ./svg-inkscape/Q_i_ou_svg-tex.pdf Graphic file (type pdf)
<use ./svg-inkscape/Q_i_ou_svg-tex.pdf, page 7>
Package pdftex.def Info: ./svg-inkscape/Q_i_ou_svg-tex.pdf , page7 used on inpu
t line 68.
(pdftex.def)             Requested size: 469.75502pt x 375.82822pt.
<./svg-inkscape/Q_i_ou_svg-tex.pdf, id=89, page=8, 451.6875pt x 361.35pt>
File: ./svg-inkscape/Q_i_ou_svg-tex.pdf Graphic file (type pdf)
<use ./svg-inkscape/Q_i_ou_svg-tex.pdf, page 8>
Package pdftex.def Info: ./svg-inkscape/Q_i_ou_svg-tex.pdf , page8 used on inpu
t line 70.
(pdftex.def)             Requested size: 469.75502pt x 375.82822pt.
<./svg-inkscape/Q_i_ou_svg-tex.pdf, id=90, page=9, 451.6875pt x 361.35pt>
File: ./svg-inkscape/Q_i_ou_svg-tex.pdf Graphic file (type pdf)
<use ./svg-inkscape/Q_i_ou_svg-tex.pdf, page 9>
Package pdftex.def Info: ./svg-inkscape/Q_i_ou_svg-tex.pdf , page9 used on inpu
t line 72.
(pdftex.def)             Requested size: 469.75502pt x 375.82822pt.
<./svg-inkscape/Q_i_ou_svg-tex.pdf, id=91, page=10, 451.6875pt x 361.35pt>
File: ./svg-inkscape/Q_i_ou_svg-tex.pdf Graphic file (type pdf)
<use ./svg-inkscape/Q_i_ou_svg-tex.pdf, page 10>
Package pdftex.def Info: ./svg-inkscape/Q_i_ou_svg-tex.pdf , page10 used on inp
ut line 74.
(pdftex.def)             Requested size: 469.75502pt x 375.82822pt.
<./svg-inkscape/Q_i_ou_svg-tex.pdf, id=92, page=11, 451.6875pt x 361.35pt>
File: ./svg-inkscape/Q_i_ou_svg-tex.pdf Graphic file (type pdf)
<use ./svg-inkscape/Q_i_ou_svg-tex.pdf, page 11>
Package pdftex.def Info: ./svg-inkscape/Q_i_ou_svg-tex.pdf , page11 used on inp
ut line 76.
(pdftex.def)             Requested size: 469.75502pt x 375.82822pt.
<./svg-inkscape/Q_i_ou_svg-tex.pdf, id=93, page=12, 451.6875pt x 361.35pt>
File: ./svg-inkscape/Q_i_ou_svg-tex.pdf Graphic file (type pdf)
<use ./svg-inkscape/Q_i_ou_svg-tex.pdf, page 12>
Package pdftex.def Info: ./svg-inkscape/Q_i_ou_svg-tex.pdf , page12 used on inp
ut line 78.
(pdftex.def)             Requested size: 469.75502pt x 375.82822pt.
<./svg-inkscape/Q_i_ou_svg-tex.pdf, id=94, page=13, 451.6875pt x 361.35pt>
File: ./svg-inkscape/Q_i_ou_svg-tex.pdf Graphic file (type pdf)
<use ./svg-inkscape/Q_i_ou_svg-tex.pdf, page 13>
Package pdftex.def Info: ./svg-inkscape/Q_i_ou_svg-tex.pdf , page13 used on inp
ut line 80.
(pdftex.def)             Requested size: 469.75502pt x 375.82822pt.
<./svg-inkscape/Q_i_ou_svg-tex.pdf, id=95, page=14, 451.6875pt x 361.35pt>
File: ./svg-inkscape/Q_i_ou_svg-tex.pdf Graphic file (type pdf)
<use ./svg-inkscape/Q_i_ou_svg-tex.pdf, page 14>
Package pdftex.def Info: ./svg-inkscape/Q_i_ou_svg-tex.pdf , page14 used on inp
ut line 82.
(pdftex.def)             Requested size: 469.75502pt x 375.82822pt.
<./svg-inkscape/Q_i_ou_svg-tex.pdf, id=96, page=15, 451.6875pt x 361.35pt>
File: ./svg-inkscape/Q_i_ou_svg-tex.pdf Graphic file (type pdf)
<use ./svg-inkscape/Q_i_ou_svg-tex.pdf, page 15>
Package pdftex.def Info: ./svg-inkscape/Q_i_ou_svg-tex.pdf , page15 used on inp
ut line 84.
(pdftex.def)             Requested size: 469.75502pt x 375.82822pt.
<./svg-inkscape/Q_i_ou_svg-tex.pdf, id=97, page=16, 451.6875pt x 361.35pt>
File: ./svg-inkscape/Q_i_ou_svg-tex.pdf Graphic file (type pdf)
<use ./svg-inkscape/Q_i_ou_svg-tex.pdf, page 16>
Package pdftex.def Info: ./svg-inkscape/Q_i_ou_svg-tex.pdf , page16 used on inp
ut line 86.
(pdftex.def)             Requested size: 469.75502pt x 375.82822pt.
<./svg-inkscape/Q_i_ou_svg-tex.pdf, id=98, page=17, 451.6875pt x 361.35pt>
File: ./svg-inkscape/Q_i_ou_svg-tex.pdf Graphic file (type pdf)
<use ./svg-inkscape/Q_i_ou_svg-tex.pdf, page 17>
Package pdftex.def Info: ./svg-inkscape/Q_i_ou_svg-tex.pdf , page17 used on inp
ut line 88.
(pdftex.def)             Requested size: 469.75502pt x 375.82822pt.
<./svg-inkscape/Q_i_ou_svg-tex.pdf, id=99, page=18, 451.6875pt x 361.35pt>
File: ./svg-inkscape/Q_i_ou_svg-tex.pdf Graphic file (type pdf)
<use ./svg-inkscape/Q_i_ou_svg-tex.pdf, page 18>
Package pdftex.def Info: ./svg-inkscape/Q_i_ou_svg-tex.pdf , page18 used on inp
ut line 90.
(pdftex.def)             Requested size: 469.75502pt x 375.82822pt.
)
Underfull \vbox (badness 10000) has occurred while \output is active []

 [6]
[7 <./svg-inkscape/Q_i_ou_svg-tex.pdf> <./svg-inkscape/Q_i_ou_svg-tex.pdf

pdfTeX warning: pdflatex (file ./svg-inkscape/Q_i_ou_svg-tex.pdf): PDF inclusio
n: multiple pdfs with page group included in a single page
> <./svg-inkscape/Q_i_ou_svg-tex.pdf

pdfTeX warning: pdflatex (file ./svg-inkscape/Q_i_ou_svg-tex.pdf): PDF inclusio
n: multiple pdfs with page group included in a single page
> <./svg-inkscape/Q_i_ou_svg-tex.pdf

pdfTeX warning: pdflatex (file ./svg-inkscape/Q_i_ou_svg-tex.pdf): PDF inclusio
n: multiple pdfs with page group included in a single page
> <./svg-inkscape/Q_i_ou_svg-tex.pdf

pdfTeX warning: pdflatex (file ./svg-inkscape/Q_i_ou_svg-tex.pdf): PDF inclusio
n: multiple pdfs with page group included in a single page
> <./svg-inkscape/Q_i_ou_svg-tex.pdf

pdfTeX warning: pdflatex (file ./svg-inkscape/Q_i_ou_svg-tex.pdf): PDF inclusio
n: multiple pdfs with page group included in a single page
> <./svg-inkscape/Q_i_ou_svg-tex.pdf

pdfTeX warning: pdflatex (file ./svg-inkscape/Q_i_ou_svg-tex.pdf): PDF inclusio
n: multiple pdfs with page group included in a single page
> <./svg-inkscape/Q_i_ou_svg-tex.pdf

pdfTeX warning: pdflatex (file ./svg-inkscape/Q_i_ou_svg-tex.pdf): PDF inclusio
n: multiple pdfs with page group included in a single page
> <./svg-inkscape/Q_i_ou_svg-tex.pdf

pdfTeX warning: pdflatex (file ./svg-inkscape/Q_i_ou_svg-tex.pdf): PDF inclusio
n: multiple pdfs with page group included in a single page
> <./svg-inkscape/Q_i_ou_svg-tex.pdf

pdfTeX warning: pdflatex (file ./svg-inkscape/Q_i_ou_svg-tex.pdf): PDF inclusio
n: multiple pdfs with page group included in a single page
> <./svg-inkscape/Q_i_ou_svg-tex.pdf

pdfTeX warning: pdflatex (file ./svg-inkscape/Q_i_ou_svg-tex.pdf): PDF inclusio
n: multiple pdfs with page group included in a single page
> <./svg-inkscape/Q_i_ou_svg-tex.pdf

pdfTeX warning: pdflatex (file ./svg-inkscape/Q_i_ou_svg-tex.pdf): PDF inclusio
n: multiple pdfs with page group included in a single page
> <./svg-inkscape/Q_i_ou_svg-tex.pdf

pdfTeX warning: pdflatex (file ./svg-inkscape/Q_i_ou_svg-tex.pdf): PDF inclusio
n: multiple pdfs with page group included in a single page
> <./svg-inkscape/Q_i_ou_svg-tex.pdf

pdfTeX warning: pdflatex (file ./svg-inkscape/Q_i_ou_svg-tex.pdf): PDF inclusio
n: multiple pdfs with page group included in a single page
> <./svg-inkscape/Q_i_ou_svg-tex.pdf

pdfTeX warning: pdflatex (file ./svg-inkscape/Q_i_ou_svg-tex.pdf): PDF inclusio
n: multiple pdfs with page group included in a single page
> <./svg-inkscape/Q_i_ou_svg-tex.pdf

pdfTeX warning: pdflatex (file ./svg-inkscape/Q_i_ou_svg-tex.pdf): PDF inclusio
n: multiple pdfs with page group included in a single page
> <./svg-inkscape/Q_i_ou_svg-tex.pdf

pdfTeX warning: pdflatex (file ./svg-inkscape/Q_i_ou_svg-tex.pdf): PDF inclusio
n: multiple pdfs with page group included in a single page
> <./svg-inkscape/Q_i_ou_svg-tex.pdf

pdfTeX warning: pdflatex (file ./svg-inkscape/Q_i_ou_svg-tex.pdf): PDF inclusio
n: multiple pdfs with page group included in a single page
>] (../../Lab-files/GP-Files/1/Q_xi.gp)
Package svg Info: Last page of `./svg-inkscape/Q_xi_ou_svg-tex.pdf' is 18 on in
put line 143.
 (./svg-inkscape/Q_xi_ou_svg-tex.pdf_tex
<./svg-inkscape/Q_xi_ou_svg-tex.pdf, id=110, page=1, 451.6875pt x 361.35pt>
File: ./svg-inkscape/Q_xi_ou_svg-tex.pdf Graphic file (type pdf)
<use ./svg-inkscape/Q_xi_ou_svg-tex.pdf, page 1>
Package pdftex.def Info: ./svg-inkscape/Q_xi_ou_svg-tex.pdf , page1 used on inp
ut line 56.
(pdftex.def)             Requested size: 469.75502pt x 375.82822pt.
<./svg-inkscape/Q_xi_ou_svg-tex.pdf, id=111, page=2, 451.6875pt x 361.35pt>
File: ./svg-inkscape/Q_xi_ou_svg-tex.pdf Graphic file (type pdf)
<use ./svg-inkscape/Q_xi_ou_svg-tex.pdf, page 2>
Package pdftex.def Info: ./svg-inkscape/Q_xi_ou_svg-tex.pdf , page2 used on inp
ut line 58.
(pdftex.def)             Requested size: 469.75502pt x 375.82822pt.
<./svg-inkscape/Q_xi_ou_svg-tex.pdf, id=112, page=3, 451.6875pt x 361.35pt>
File: ./svg-inkscape/Q_xi_ou_svg-tex.pdf Graphic file (type pdf)
<use ./svg-inkscape/Q_xi_ou_svg-tex.pdf, page 3>
Package pdftex.def Info: ./svg-inkscape/Q_xi_ou_svg-tex.pdf , page3 used on inp
ut line 60.
(pdftex.def)             Requested size: 469.75502pt x 375.82822pt.
<./svg-inkscape/Q_xi_ou_svg-tex.pdf, id=113, page=4, 451.6875pt x 361.35pt>
File: ./svg-inkscape/Q_xi_ou_svg-tex.pdf Graphic file (type pdf)
<use ./svg-inkscape/Q_xi_ou_svg-tex.pdf, page 4>
Package pdftex.def Info: ./svg-inkscape/Q_xi_ou_svg-tex.pdf , page4 used on inp
ut line 62.
(pdftex.def)             Requested size: 469.75502pt x 375.82822pt.
<./svg-inkscape/Q_xi_ou_svg-tex.pdf, id=114, page=5, 451.6875pt x 361.35pt>
File: ./svg-inkscape/Q_xi_ou_svg-tex.pdf Graphic file (type pdf)
<use ./svg-inkscape/Q_xi_ou_svg-tex.pdf, page 5>
Package pdftex.def Info: ./svg-inkscape/Q_xi_ou_svg-tex.pdf , page5 used on inp
ut line 64.
(pdftex.def)             Requested size: 469.75502pt x 375.82822pt.
<./svg-inkscape/Q_xi_ou_svg-tex.pdf, id=115, page=6, 451.6875pt x 361.35pt>
File: ./svg-inkscape/Q_xi_ou_svg-tex.pdf Graphic file (type pdf)
<use ./svg-inkscape/Q_xi_ou_svg-tex.pdf, page 6>
Package pdftex.def Info: ./svg-inkscape/Q_xi_ou_svg-tex.pdf , page6 used on inp
ut line 66.
(pdftex.def)             Requested size: 469.75502pt x 375.82822pt.
<./svg-inkscape/Q_xi_ou_svg-tex.pdf, id=116, page=7, 451.6875pt x 361.35pt>
File: ./svg-inkscape/Q_xi_ou_svg-tex.pdf Graphic file (type pdf)
<use ./svg-inkscape/Q_xi_ou_svg-tex.pdf, page 7>
Package pdftex.def Info: ./svg-inkscape/Q_xi_ou_svg-tex.pdf , page7 used on inp
ut line 68.
(pdftex.def)             Requested size: 469.75502pt x 375.82822pt.
<./svg-inkscape/Q_xi_ou_svg-tex.pdf, id=117, page=8, 451.6875pt x 361.35pt>
File: ./svg-inkscape/Q_xi_ou_svg-tex.pdf Graphic file (type pdf)
<use ./svg-inkscape/Q_xi_ou_svg-tex.pdf, page 8>
Package pdftex.def Info: ./svg-inkscape/Q_xi_ou_svg-tex.pdf , page8 used on inp
ut line 70.
(pdftex.def)             Requested size: 469.75502pt x 375.82822pt.
<./svg-inkscape/Q_xi_ou_svg-tex.pdf, id=118, page=9, 451.6875pt x 361.35pt>
File: ./svg-inkscape/Q_xi_ou_svg-tex.pdf Graphic file (type pdf)
<use ./svg-inkscape/Q_xi_ou_svg-tex.pdf, page 9>
Package pdftex.def Info: ./svg-inkscape/Q_xi_ou_svg-tex.pdf , page9 used on inp
ut line 72.
(pdftex.def)             Requested size: 469.75502pt x 375.82822pt.
<./svg-inkscape/Q_xi_ou_svg-tex.pdf, id=119, page=10, 451.6875pt x 361.35pt>
File: ./svg-inkscape/Q_xi_ou_svg-tex.pdf Graphic file (type pdf)
<use ./svg-inkscape/Q_xi_ou_svg-tex.pdf, page 10>
Package pdftex.def Info: ./svg-inkscape/Q_xi_ou_svg-tex.pdf , page10 used on in
put line 74.
(pdftex.def)             Requested size: 469.75502pt x 375.82822pt.
<./svg-inkscape/Q_xi_ou_svg-tex.pdf, id=120, page=11, 451.6875pt x 361.35pt>
File: ./svg-inkscape/Q_xi_ou_svg-tex.pdf Graphic file (type pdf)
<use ./svg-inkscape/Q_xi_ou_svg-tex.pdf, page 11>
Package pdftex.def Info: ./svg-inkscape/Q_xi_ou_svg-tex.pdf , page11 used on in
put line 76.
(pdftex.def)             Requested size: 469.75502pt x 375.82822pt.
<./svg-inkscape/Q_xi_ou_svg-tex.pdf, id=121, page=12, 451.6875pt x 361.35pt>
File: ./svg-inkscape/Q_xi_ou_svg-tex.pdf Graphic file (type pdf)
<use ./svg-inkscape/Q_xi_ou_svg-tex.pdf, page 12>
Package pdftex.def Info: ./svg-inkscape/Q_xi_ou_svg-tex.pdf , page12 used on in
put line 78.
(pdftex.def)             Requested size: 469.75502pt x 375.82822pt.
<./svg-inkscape/Q_xi_ou_svg-tex.pdf, id=122, page=13, 451.6875pt x 361.35pt>
File: ./svg-inkscape/Q_xi_ou_svg-tex.pdf Graphic file (type pdf)
<use ./svg-inkscape/Q_xi_ou_svg-tex.pdf, page 13>
Package pdftex.def Info: ./svg-inkscape/Q_xi_ou_svg-tex.pdf , page13 used on in
put line 80.
(pdftex.def)             Requested size: 469.75502pt x 375.82822pt.
<./svg-inkscape/Q_xi_ou_svg-tex.pdf, id=123, page=14, 451.6875pt x 361.35pt>
File: ./svg-inkscape/Q_xi_ou_svg-tex.pdf Graphic file (type pdf)
<use ./svg-inkscape/Q_xi_ou_svg-tex.pdf, page 14>
Package pdftex.def Info: ./svg-inkscape/Q_xi_ou_svg-tex.pdf , page14 used on in
put line 82.
(pdftex.def)             Requested size: 469.75502pt x 375.82822pt.
<./svg-inkscape/Q_xi_ou_svg-tex.pdf, id=124, page=15, 451.6875pt x 361.35pt>
File: ./svg-inkscape/Q_xi_ou_svg-tex.pdf Graphic file (type pdf)
<use ./svg-inkscape/Q_xi_ou_svg-tex.pdf, page 15>
Package pdftex.def Info: ./svg-inkscape/Q_xi_ou_svg-tex.pdf , page15 used on in
put line 84.
(pdftex.def)             Requested size: 469.75502pt x 375.82822pt.
<./svg-inkscape/Q_xi_ou_svg-tex.pdf, id=125, page=16, 451.6875pt x 361.35pt>
File: ./svg-inkscape/Q_xi_ou_svg-tex.pdf Graphic file (type pdf)
<use ./svg-inkscape/Q_xi_ou_svg-tex.pdf, page 16>
Package pdftex.def Info: ./svg-inkscape/Q_xi_ou_svg-tex.pdf , page16 used on in
put line 86.
(pdftex.def)             Requested size: 469.75502pt x 375.82822pt.
<./svg-inkscape/Q_xi_ou_svg-tex.pdf, id=126, page=17, 451.6875pt x 361.35pt>
File: ./svg-inkscape/Q_xi_ou_svg-tex.pdf Graphic file (type pdf)
<use ./svg-inkscape/Q_xi_ou_svg-tex.pdf, page 17>
Package pdftex.def Info: ./svg-inkscape/Q_xi_ou_svg-tex.pdf , page17 used on in
put line 88.
(pdftex.def)             Requested size: 469.75502pt x 375.82822pt.
<./svg-inkscape/Q_xi_ou_svg-tex.pdf, id=127, page=18, 451.6875pt x 361.35pt>
File: ./svg-inkscape/Q_xi_ou_svg-tex.pdf Graphic file (type pdf)
<use ./svg-inkscape/Q_xi_ou_svg-tex.pdf, page 18>
Package pdftex.def Info: ./svg-inkscape/Q_xi_ou_svg-tex.pdf , page18 used on in
put line 90.
(pdftex.def)             Requested size: 469.75502pt x 375.82822pt.
)
Underfull \vbox (badness 10000) has occurred while \output is active []

 [8]
[9 <./svg-inkscape/Q_xi_ou_svg-tex.pdf> <./svg-inkscape/Q_xi_ou_svg-tex.pdf

pdfTeX warning: pdflatex (file ./svg-inkscape/Q_xi_ou_svg-tex.pdf): PDF inclusi
on: multiple pdfs with page group included in a single page
> <./svg-inkscape/Q_xi_ou_svg-tex.pdf

pdfTeX warning: pdflatex (file ./svg-inkscape/Q_xi_ou_svg-tex.pdf): PDF inclusi
on: multiple pdfs with page group included in a single page
> <./svg-inkscape/Q_xi_ou_svg-tex.pdf

pdfTeX warning: pdflatex (file ./svg-inkscape/Q_xi_ou_svg-tex.pdf): PDF inclusi
on: multiple pdfs with page group included in a single page
> <./svg-inkscape/Q_xi_ou_svg-tex.pdf

pdfTeX warning: pdflatex (file ./svg-inkscape/Q_xi_ou_svg-tex.pdf): PDF inclusi
on: multiple pdfs with page group included in a single page
> <./svg-inkscape/Q_xi_ou_svg-tex.pdf

pdfTeX warning: pdflatex (file ./svg-inkscape/Q_xi_ou_svg-tex.pdf): PDF inclusi
on: multiple pdfs with page group included in a single page
> <./svg-inkscape/Q_xi_ou_svg-tex.pdf

pdfTeX warning: pdflatex (file ./svg-inkscape/Q_xi_ou_svg-tex.pdf): PDF inclusi
on: multiple pdfs with page group included in a single page
> <./svg-inkscape/Q_xi_ou_svg-tex.pdf

pdfTeX warning: pdflatex (file ./svg-inkscape/Q_xi_ou_svg-tex.pdf): PDF inclusi
on: multiple pdfs with page group included in a single page
> <./svg-inkscape/Q_xi_ou_svg-tex.pdf

pdfTeX warning: pdflatex (file ./svg-inkscape/Q_xi_ou_svg-tex.pdf): PDF inclusi
on: multiple pdfs with page group included in a single page
> <./svg-inkscape/Q_xi_ou_svg-tex.pdf

pdfTeX warning: pdflatex (file ./svg-inkscape/Q_xi_ou_svg-tex.pdf): PDF inclusi
on: multiple pdfs with page group included in a single page
> <./svg-inkscape/Q_xi_ou_svg-tex.pdf

pdfTeX warning: pdflatex (file ./svg-inkscape/Q_xi_ou_svg-tex.pdf): PDF inclusi
on: multiple pdfs with page group included in a single page
> <./svg-inkscape/Q_xi_ou_svg-tex.pdf

pdfTeX warning: pdflatex (file ./svg-inkscape/Q_xi_ou_svg-tex.pdf): PDF inclusi
on: multiple pdfs with page group included in a single page
> <./svg-inkscape/Q_xi_ou_svg-tex.pdf

pdfTeX warning: pdflatex (file ./svg-inkscape/Q_xi_ou_svg-tex.pdf): PDF inclusi
on: multiple pdfs with page group included in a single page
> <./svg-inkscape/Q_xi_ou_svg-tex.pdf

pdfTeX warning: pdflatex (file ./svg-inkscape/Q_xi_ou_svg-tex.pdf): PDF inclusi
on: multiple pdfs with page group included in a single page
> <./svg-inkscape/Q_xi_ou_svg-tex.pdf

pdfTeX warning: pdflatex (file ./svg-inkscape/Q_xi_ou_svg-tex.pdf): PDF inclusi
on: multiple pdfs with page group included in a single page
> <./svg-inkscape/Q_xi_ou_svg-tex.pdf

pdfTeX warning: pdflatex (file ./svg-inkscape/Q_xi_ou_svg-tex.pdf): PDF inclusi
on: multiple pdfs with page group included in a single page
> <./svg-inkscape/Q_xi_ou_svg-tex.pdf

pdfTeX warning: pdflatex (file ./svg-inkscape/Q_xi_ou_svg-tex.pdf): PDF inclusi
on: multiple pdfs with page group included in a single page
> <./svg-inkscape/Q_xi_ou_svg-tex.pdf

pdfTeX warning: pdflatex (file ./svg-inkscape/Q_xi_ou_svg-tex.pdf): PDF inclusi
on: multiple pdfs with page group included in a single page
>] (../../Lab-files/GP-Files/1/Q_vi.gp)
Package svg Info: Last page of `./svg-inkscape/Q_vi_ou_svg-tex.pdf' is 23 on in
put line 156.
 (./svg-inkscape/Q_vi_ou_svg-tex.pdf_tex
<./svg-inkscape/Q_vi_ou_svg-tex.pdf, id=137, page=1, 451.6875pt x 361.35pt>
File: ./svg-inkscape/Q_vi_ou_svg-tex.pdf Graphic file (type pdf)
<use ./svg-inkscape/Q_vi_ou_svg-tex.pdf, page 1>
Package pdftex.def Info: ./svg-inkscape/Q_vi_ou_svg-tex.pdf , page1 used on inp
ut line 56.
(pdftex.def)             Requested size: 469.75502pt x 375.82822pt.
<./svg-inkscape/Q_vi_ou_svg-tex.pdf, id=138, page=2, 451.6875pt x 361.35pt>
File: ./svg-inkscape/Q_vi_ou_svg-tex.pdf Graphic file (type pdf)
<use ./svg-inkscape/Q_vi_ou_svg-tex.pdf, page 2>
Package pdftex.def Info: ./svg-inkscape/Q_vi_ou_svg-tex.pdf , page2 used on inp
ut line 58.
(pdftex.def)             Requested size: 469.75502pt x 375.82822pt.
<./svg-inkscape/Q_vi_ou_svg-tex.pdf, id=139, page=3, 451.6875pt x 361.35pt>
File: ./svg-inkscape/Q_vi_ou_svg-tex.pdf Graphic file (type pdf)
<use ./svg-inkscape/Q_vi_ou_svg-tex.pdf, page 3>
Package pdftex.def Info: ./svg-inkscape/Q_vi_ou_svg-tex.pdf , page3 used on inp
ut line 60.
(pdftex.def)             Requested size: 469.75502pt x 375.82822pt.
<./svg-inkscape/Q_vi_ou_svg-tex.pdf, id=140, page=4, 451.6875pt x 361.35pt>
File: ./svg-inkscape/Q_vi_ou_svg-tex.pdf Graphic file (type pdf)
<use ./svg-inkscape/Q_vi_ou_svg-tex.pdf, page 4>
Package pdftex.def Info: ./svg-inkscape/Q_vi_ou_svg-tex.pdf , page4 used on inp
ut line 62.
(pdftex.def)             Requested size: 469.75502pt x 375.82822pt.
<./svg-inkscape/Q_vi_ou_svg-tex.pdf, id=141, page=5, 451.6875pt x 361.35pt>
File: ./svg-inkscape/Q_vi_ou_svg-tex.pdf Graphic file (type pdf)
<use ./svg-inkscape/Q_vi_ou_svg-tex.pdf, page 5>
Package pdftex.def Info: ./svg-inkscape/Q_vi_ou_svg-tex.pdf , page5 used on inp
ut line 64.
(pdftex.def)             Requested size: 469.75502pt x 375.82822pt.
<./svg-inkscape/Q_vi_ou_svg-tex.pdf, id=142, page=6, 451.6875pt x 361.35pt>
File: ./svg-inkscape/Q_vi_ou_svg-tex.pdf Graphic file (type pdf)
<use ./svg-inkscape/Q_vi_ou_svg-tex.pdf, page 6>
Package pdftex.def Info: ./svg-inkscape/Q_vi_ou_svg-tex.pdf , page6 used on inp
ut line 66.
(pdftex.def)             Requested size: 469.75502pt x 375.82822pt.
<./svg-inkscape/Q_vi_ou_svg-tex.pdf, id=143, page=7, 451.6875pt x 361.35pt>
File: ./svg-inkscape/Q_vi_ou_svg-tex.pdf Graphic file (type pdf)
<use ./svg-inkscape/Q_vi_ou_svg-tex.pdf, page 7>
Package pdftex.def Info: ./svg-inkscape/Q_vi_ou_svg-tex.pdf , page7 used on inp
ut line 68.
(pdftex.def)             Requested size: 469.75502pt x 375.82822pt.
<./svg-inkscape/Q_vi_ou_svg-tex.pdf, id=144, page=8, 451.6875pt x 361.35pt>
File: ./svg-inkscape/Q_vi_ou_svg-tex.pdf Graphic file (type pdf)
<use ./svg-inkscape/Q_vi_ou_svg-tex.pdf, page 8>
Package pdftex.def Info: ./svg-inkscape/Q_vi_ou_svg-tex.pdf , page8 used on inp
ut line 70.
(pdftex.def)             Requested size: 469.75502pt x 375.82822pt.
<./svg-inkscape/Q_vi_ou_svg-tex.pdf, id=145, page=9, 451.6875pt x 361.35pt>
File: ./svg-inkscape/Q_vi_ou_svg-tex.pdf Graphic file (type pdf)
<use ./svg-inkscape/Q_vi_ou_svg-tex.pdf, page 9>
Package pdftex.def Info: ./svg-inkscape/Q_vi_ou_svg-tex.pdf , page9 used on inp
ut line 72.
(pdftex.def)             Requested size: 469.75502pt x 375.82822pt.
<./svg-inkscape/Q_vi_ou_svg-tex.pdf, id=146, page=10, 451.6875pt x 361.35pt>
File: ./svg-inkscape/Q_vi_ou_svg-tex.pdf Graphic file (type pdf)
<use ./svg-inkscape/Q_vi_ou_svg-tex.pdf, page 10>
Package pdftex.def Info: ./svg-inkscape/Q_vi_ou_svg-tex.pdf , page10 used on in
put line 74.
(pdftex.def)             Requested size: 469.75502pt x 375.82822pt.
<./svg-inkscape/Q_vi_ou_svg-tex.pdf, id=147, page=11, 451.6875pt x 361.35pt>
File: ./svg-inkscape/Q_vi_ou_svg-tex.pdf Graphic file (type pdf)
<use ./svg-inkscape/Q_vi_ou_svg-tex.pdf, page 11>
Package pdftex.def Info: ./svg-inkscape/Q_vi_ou_svg-tex.pdf , page11 used on in
put line 76.
(pdftex.def)             Requested size: 469.75502pt x 375.82822pt.
<./svg-inkscape/Q_vi_ou_svg-tex.pdf, id=148, page=12, 451.6875pt x 361.35pt>
File: ./svg-inkscape/Q_vi_ou_svg-tex.pdf Graphic file (type pdf)
<use ./svg-inkscape/Q_vi_ou_svg-tex.pdf, page 12>
Package pdftex.def Info: ./svg-inkscape/Q_vi_ou_svg-tex.pdf , page12 used on in
put line 78.
(pdftex.def)             Requested size: 469.75502pt x 375.82822pt.
<./svg-inkscape/Q_vi_ou_svg-tex.pdf, id=149, page=13, 451.6875pt x 361.35pt>
File: ./svg-inkscape/Q_vi_ou_svg-tex.pdf Graphic file (type pdf)
<use ./svg-inkscape/Q_vi_ou_svg-tex.pdf, page 13>
Package pdftex.def Info: ./svg-inkscape/Q_vi_ou_svg-tex.pdf , page13 used on in
put line 80.
(pdftex.def)             Requested size: 469.75502pt x 375.82822pt.
<./svg-inkscape/Q_vi_ou_svg-tex.pdf, id=150, page=14, 451.6875pt x 361.35pt>
File: ./svg-inkscape/Q_vi_ou_svg-tex.pdf Graphic file (type pdf)
<use ./svg-inkscape/Q_vi_ou_svg-tex.pdf, page 14>
Package pdftex.def Info: ./svg-inkscape/Q_vi_ou_svg-tex.pdf , page14 used on in
put line 82.
(pdftex.def)             Requested size: 469.75502pt x 375.82822pt.
<./svg-inkscape/Q_vi_ou_svg-tex.pdf, id=151, page=15, 451.6875pt x 361.35pt>
File: ./svg-inkscape/Q_vi_ou_svg-tex.pdf Graphic file (type pdf)
<use ./svg-inkscape/Q_vi_ou_svg-tex.pdf, page 15>
Package pdftex.def Info: ./svg-inkscape/Q_vi_ou_svg-tex.pdf , page15 used on in
put line 84.
(pdftex.def)             Requested size: 469.75502pt x 375.82822pt.
<./svg-inkscape/Q_vi_ou_svg-tex.pdf, id=152, page=16, 451.6875pt x 361.35pt>
File: ./svg-inkscape/Q_vi_ou_svg-tex.pdf Graphic file (type pdf)
<use ./svg-inkscape/Q_vi_ou_svg-tex.pdf, page 16>
Package pdftex.def Info: ./svg-inkscape/Q_vi_ou_svg-tex.pdf , page16 used on in
put line 86.
(pdftex.def)             Requested size: 469.75502pt x 375.82822pt.
<./svg-inkscape/Q_vi_ou_svg-tex.pdf, id=153, page=17, 451.6875pt x 361.35pt>
File: ./svg-inkscape/Q_vi_ou_svg-tex.pdf Graphic file (type pdf)
<use ./svg-inkscape/Q_vi_ou_svg-tex.pdf, page 17>
Package pdftex.def Info: ./svg-inkscape/Q_vi_ou_svg-tex.pdf , page17 used on in
put line 88.
(pdftex.def)             Requested size: 469.75502pt x 375.82822pt.
<./svg-inkscape/Q_vi_ou_svg-tex.pdf, id=154, page=18, 451.6875pt x 361.35pt>
File: ./svg-inkscape/Q_vi_ou_svg-tex.pdf Graphic file (type pdf)
<use ./svg-inkscape/Q_vi_ou_svg-tex.pdf, page 18>
Package pdftex.def Info: ./svg-inkscape/Q_vi_ou_svg-tex.pdf , page18 used on in
put line 90.
(pdftex.def)             Requested size: 469.75502pt x 375.82822pt.
<./svg-inkscape/Q_vi_ou_svg-tex.pdf, id=155, page=19, 451.6875pt x 361.35pt>
File: ./svg-inkscape/Q_vi_ou_svg-tex.pdf Graphic file (type pdf)
<use ./svg-inkscape/Q_vi_ou_svg-tex.pdf, page 19>
Package pdftex.def Info: ./svg-inkscape/Q_vi_ou_svg-tex.pdf , page19 used on in
put line 92.
(pdftex.def)             Requested size: 469.75502pt x 375.82822pt.
<./svg-inkscape/Q_vi_ou_svg-tex.pdf, id=156, page=20, 451.6875pt x 361.35pt>
File: ./svg-inkscape/Q_vi_ou_svg-tex.pdf Graphic file (type pdf)
<use ./svg-inkscape/Q_vi_ou_svg-tex.pdf, page 20>
Package pdftex.def Info: ./svg-inkscape/Q_vi_ou_svg-tex.pdf , page20 used on in
put line 94.
(pdftex.def)             Requested size: 469.75502pt x 375.82822pt.
<./svg-inkscape/Q_vi_ou_svg-tex.pdf, id=157, page=21, 451.6875pt x 361.35pt>
File: ./svg-inkscape/Q_vi_ou_svg-tex.pdf Graphic file (type pdf)
<use ./svg-inkscape/Q_vi_ou_svg-tex.pdf, page 21>
Package pdftex.def Info: ./svg-inkscape/Q_vi_ou_svg-tex.pdf , page21 used on in
put line 96.
(pdftex.def)             Requested size: 469.75502pt x 375.82822pt.
<./svg-inkscape/Q_vi_ou_svg-tex.pdf, id=158, page=22, 451.6875pt x 361.35pt>
File: ./svg-inkscape/Q_vi_ou_svg-tex.pdf Graphic file (type pdf)
<use ./svg-inkscape/Q_vi_ou_svg-tex.pdf, page 22>
Package pdftex.def Info: ./svg-inkscape/Q_vi_ou_svg-tex.pdf , page22 used on in
put line 98.
(pdftex.def)             Requested size: 469.75502pt x 375.82822pt.
<./svg-inkscape/Q_vi_ou_svg-tex.pdf, id=159, page=23, 451.6875pt x 361.35pt>
File: ./svg-inkscape/Q_vi_ou_svg-tex.pdf Graphic file (type pdf)
<use ./svg-inkscape/Q_vi_ou_svg-tex.pdf, page 23>
Package pdftex.def Info: ./svg-inkscape/Q_vi_ou_svg-tex.pdf , page23 used on in
put line 100.
(pdftex.def)             Requested size: 469.75502pt x 375.82822pt.
)
Underfull \vbox (badness 10000) has occurred while \output is active []

 [10]
[11 <./svg-inkscape/Q_vi_ou_svg-tex.pdf> <./svg-inkscape/Q_vi_ou_svg-tex.pdf

pdfTeX warning: pdflatex (file ./svg-inkscape/Q_vi_ou_svg-tex.pdf): PDF inclusi
on: multiple pdfs with page group included in a single page
> <./svg-inkscape/Q_vi_ou_svg-tex.pdf

pdfTeX warning: pdflatex (file ./svg-inkscape/Q_vi_ou_svg-tex.pdf): PDF inclusi
on: multiple pdfs with page group included in a single page
> <./svg-inkscape/Q_vi_ou_svg-tex.pdf

pdfTeX warning: pdflatex (file ./svg-inkscape/Q_vi_ou_svg-tex.pdf): PDF inclusi
on: multiple pdfs with page group included in a single page
> <./svg-inkscape/Q_vi_ou_svg-tex.pdf

pdfTeX warning: pdflatex (file ./svg-inkscape/Q_vi_ou_svg-tex.pdf): PDF inclusi
on: multiple pdfs with page group included in a single page
> <./svg-inkscape/Q_vi_ou_svg-tex.pdf

pdfTeX warning: pdflatex (file ./svg-inkscape/Q_vi_ou_svg-tex.pdf): PDF inclusi
on: multiple pdfs with page group included in a single page
> <./svg-inkscape/Q_vi_ou_svg-tex.pdf

pdfTeX warning: pdflatex (file ./svg-inkscape/Q_vi_ou_svg-tex.pdf): PDF inclusi
on: multiple pdfs with page group included in a single page
> <./svg-inkscape/Q_vi_ou_svg-tex.pdf

pdfTeX warning: pdflatex (file ./svg-inkscape/Q_vi_ou_svg-tex.pdf): PDF inclusi
on: multiple pdfs with page group included in a single page
> <./svg-inkscape/Q_vi_ou_svg-tex.pdf

pdfTeX warning: pdflatex (file ./svg-inkscape/Q_vi_ou_svg-tex.pdf): PDF inclusi
on: multiple pdfs with page group included in a single page
> <./svg-inkscape/Q_vi_ou_svg-tex.pdf

pdfTeX warning: pdflatex (file ./svg-inkscape/Q_vi_ou_svg-tex.pdf): PDF inclusi
on: multiple pdfs with page group included in a single page
> <./svg-inkscape/Q_vi_ou_svg-tex.pdf

pdfTeX warning: pdflatex (file ./svg-inkscape/Q_vi_ou_svg-tex.pdf): PDF inclusi
on: multiple pdfs with page group included in a single page
> <./svg-inkscape/Q_vi_ou_svg-tex.pdf

pdfTeX warning: pdflatex (file ./svg-inkscape/Q_vi_ou_svg-tex.pdf): PDF inclusi
on: multiple pdfs with page group included in a single page
> <./svg-inkscape/Q_vi_ou_svg-tex.pdf

pdfTeX warning: pdflatex (file ./svg-inkscape/Q_vi_ou_svg-tex.pdf): PDF inclusi
on: multiple pdfs with page group included in a single page
> <./svg-inkscape/Q_vi_ou_svg-tex.pdf

pdfTeX warning: pdflatex (file ./svg-inkscape/Q_vi_ou_svg-tex.pdf): PDF inclusi
on: multiple pdfs with page group included in a single page
> <./svg-inkscape/Q_vi_ou_svg-tex.pdf

pdfTeX warning: pdflatex (file ./svg-inkscape/Q_vi_ou_svg-tex.pdf): PDF inclusi
on: multiple pdfs with page group included in a single page
> <./svg-inkscape/Q_vi_ou_svg-tex.pdf

pdfTeX warning: pdflatex (file ./svg-inkscape/Q_vi_ou_svg-tex.pdf): PDF inclusi
on: multiple pdfs with page group included in a single page
> <./svg-inkscape/Q_vi_ou_svg-tex.pdf

pdfTeX warning: pdflatex (file ./svg-inkscape/Q_vi_ou_svg-tex.pdf): PDF inclusi
on: multiple pdfs with page group included in a single page
> <./svg-inkscape/Q_vi_ou_svg-tex.pdf

pdfTeX warning: pdflatex (file ./svg-inkscape/Q_vi_ou_svg-tex.pdf): PDF inclusi
on: multiple pdfs with page group included in a single page
> <./svg-inkscape/Q_vi_ou_svg-tex.pdf

pdfTeX warning: pdflatex (file ./svg-inkscape/Q_vi_ou_svg-tex.pdf): PDF inclusi
on: multiple pdfs with page group included in a single page
> <./svg-inkscape/Q_vi_ou_svg-tex.pdf

pdfTeX warning: pdflatex (file ./svg-inkscape/Q_vi_ou_svg-tex.pdf): PDF inclusi
on: multiple pdfs with page group included in a single page
> <./svg-inkscape/Q_vi_ou_svg-tex.pdf

pdfTeX warning: pdflatex (file ./svg-inkscape/Q_vi_ou_svg-tex.pdf): PDF inclusi
on: multiple pdfs with page group included in a single page
> <./svg-inkscape/Q_vi_ou_svg-tex.pdf

pdfTeX warning: pdflatex (file ./svg-inkscape/Q_vi_ou_svg-tex.pdf): PDF inclusi
on: multiple pdfs with page group included in a single page
> <./svg-inkscape/Q_vi_ou_svg-tex.pdf

pdfTeX warning: pdflatex (file ./svg-inkscape/Q_vi_ou_svg-tex.pdf): PDF inclusi
on: multiple pdfs with page group included in a single page
>] (../../Lab-files/GP-Files/1/Q_v.gp)
Package svg Info: Last page of `./svg-inkscape/Q_v_ou_svg-tex.pdf' is 33 on inp
ut line 173.
 (./svg-inkscape/Q_v_ou_svg-tex.pdf_tex
<./svg-inkscape/Q_v_ou_svg-tex.pdf, id=169, page=1, 451.6875pt x 361.35pt>
File: ./svg-inkscape/Q_v_ou_svg-tex.pdf Graphic file (type pdf)
<use ./svg-inkscape/Q_v_ou_svg-tex.pdf, page 1>
Package pdftex.def Info: ./svg-inkscape/Q_v_ou_svg-tex.pdf , page1 used on inpu
t line 56.
(pdftex.def)             Requested size: 469.75502pt x 375.82822pt.
<./svg-inkscape/Q_v_ou_svg-tex.pdf, id=170, page=2, 451.6875pt x 361.35pt>
File: ./svg-inkscape/Q_v_ou_svg-tex.pdf Graphic file (type pdf)
<use ./svg-inkscape/Q_v_ou_svg-tex.pdf, page 2>
Package pdftex.def Info: ./svg-inkscape/Q_v_ou_svg-tex.pdf , page2 used on inpu
t line 58.
(pdftex.def)             Requested size: 469.75502pt x 375.82822pt.
<./svg-inkscape/Q_v_ou_svg-tex.pdf, id=171, page=3, 451.6875pt x 361.35pt>
File: ./svg-inkscape/Q_v_ou_svg-tex.pdf Graphic file (type pdf)
<use ./svg-inkscape/Q_v_ou_svg-tex.pdf, page 3>
Package pdftex.def Info: ./svg-inkscape/Q_v_ou_svg-tex.pdf , page3 used on inpu
t line 60.
(pdftex.def)             Requested size: 469.75502pt x 375.82822pt.
<./svg-inkscape/Q_v_ou_svg-tex.pdf, id=172, page=4, 451.6875pt x 361.35pt>
File: ./svg-inkscape/Q_v_ou_svg-tex.pdf Graphic file (type pdf)
<use ./svg-inkscape/Q_v_ou_svg-tex.pdf, page 4>
Package pdftex.def Info: ./svg-inkscape/Q_v_ou_svg-tex.pdf , page4 used on inpu
t line 62.
(pdftex.def)             Requested size: 469.75502pt x 375.82822pt.
<./svg-inkscape/Q_v_ou_svg-tex.pdf, id=173, page=5, 451.6875pt x 361.35pt>
File: ./svg-inkscape/Q_v_ou_svg-tex.pdf Graphic file (type pdf)
<use ./svg-inkscape/Q_v_ou_svg-tex.pdf, page 5>
Package pdftex.def Info: ./svg-inkscape/Q_v_ou_svg-tex.pdf , page5 used on inpu
t line 64.
(pdftex.def)             Requested size: 469.75502pt x 375.82822pt.
<./svg-inkscape/Q_v_ou_svg-tex.pdf, id=174, page=6, 451.6875pt x 361.35pt>
File: ./svg-inkscape/Q_v_ou_svg-tex.pdf Graphic file (type pdf)
<use ./svg-inkscape/Q_v_ou_svg-tex.pdf, page 6>
Package pdftex.def Info: ./svg-inkscape/Q_v_ou_svg-tex.pdf , page6 used on inpu
t line 66.
(pdftex.def)             Requested size: 469.75502pt x 375.82822pt.
<./svg-inkscape/Q_v_ou_svg-tex.pdf, id=175, page=7, 451.6875pt x 361.35pt>
File: ./svg-inkscape/Q_v_ou_svg-tex.pdf Graphic file (type pdf)
<use ./svg-inkscape/Q_v_ou_svg-tex.pdf, page 7>
Package pdftex.def Info: ./svg-inkscape/Q_v_ou_svg-tex.pdf , page7 used on inpu
t line 68.
(pdftex.def)             Requested size: 469.75502pt x 375.82822pt.
<./svg-inkscape/Q_v_ou_svg-tex.pdf, id=176, page=8, 451.6875pt x 361.35pt>
File: ./svg-inkscape/Q_v_ou_svg-tex.pdf Graphic file (type pdf)
<use ./svg-inkscape/Q_v_ou_svg-tex.pdf, page 8>
Package pdftex.def Info: ./svg-inkscape/Q_v_ou_svg-tex.pdf , page8 used on inpu
t line 70.
(pdftex.def)             Requested size: 469.75502pt x 375.82822pt.
<./svg-inkscape/Q_v_ou_svg-tex.pdf, id=177, page=9, 451.6875pt x 361.35pt>
File: ./svg-inkscape/Q_v_ou_svg-tex.pdf Graphic file (type pdf)
<use ./svg-inkscape/Q_v_ou_svg-tex.pdf, page 9>
Package pdftex.def Info: ./svg-inkscape/Q_v_ou_svg-tex.pdf , page9 used on inpu
t line 72.
(pdftex.def)             Requested size: 469.75502pt x 375.82822pt.
<./svg-inkscape/Q_v_ou_svg-tex.pdf, id=178, page=10, 451.6875pt x 361.35pt>
File: ./svg-inkscape/Q_v_ou_svg-tex.pdf Graphic file (type pdf)
<use ./svg-inkscape/Q_v_ou_svg-tex.pdf, page 10>
Package pdftex.def Info: ./svg-inkscape/Q_v_ou_svg-tex.pdf , page10 used on inp
ut line 74.
(pdftex.def)             Requested size: 469.75502pt x 375.82822pt.
<./svg-inkscape/Q_v_ou_svg-tex.pdf, id=179, page=11, 451.6875pt x 361.35pt>
File: ./svg-inkscape/Q_v_ou_svg-tex.pdf Graphic file (type pdf)
<use ./svg-inkscape/Q_v_ou_svg-tex.pdf, page 11>
Package pdftex.def Info: ./svg-inkscape/Q_v_ou_svg-tex.pdf , page11 used on inp
ut line 76.
(pdftex.def)             Requested size: 469.75502pt x 375.82822pt.
<./svg-inkscape/Q_v_ou_svg-tex.pdf, id=180, page=12, 451.6875pt x 361.35pt>
File: ./svg-inkscape/Q_v_ou_svg-tex.pdf Graphic file (type pdf)
<use ./svg-inkscape/Q_v_ou_svg-tex.pdf, page 12>
Package pdftex.def Info: ./svg-inkscape/Q_v_ou_svg-tex.pdf , page12 used on inp
ut line 78.
(pdftex.def)             Requested size: 469.75502pt x 375.82822pt.
<./svg-inkscape/Q_v_ou_svg-tex.pdf, id=181, page=13, 451.6875pt x 361.35pt>
File: ./svg-inkscape/Q_v_ou_svg-tex.pdf Graphic file (type pdf)
<use ./svg-inkscape/Q_v_ou_svg-tex.pdf, page 13>
Package pdftex.def Info: ./svg-inkscape/Q_v_ou_svg-tex.pdf , page13 used on inp
ut line 80.
(pdftex.def)             Requested size: 469.75502pt x 375.82822pt.
<./svg-inkscape/Q_v_ou_svg-tex.pdf, id=182, page=14, 451.6875pt x 361.35pt>
File: ./svg-inkscape/Q_v_ou_svg-tex.pdf Graphic file (type pdf)
<use ./svg-inkscape/Q_v_ou_svg-tex.pdf, page 14>
Package pdftex.def Info: ./svg-inkscape/Q_v_ou_svg-tex.pdf , page14 used on inp
ut line 82.
(pdftex.def)             Requested size: 469.75502pt x 375.82822pt.
<./svg-inkscape/Q_v_ou_svg-tex.pdf, id=183, page=15, 451.6875pt x 361.35pt>
File: ./svg-inkscape/Q_v_ou_svg-tex.pdf Graphic file (type pdf)
<use ./svg-inkscape/Q_v_ou_svg-tex.pdf, page 15>
Package pdftex.def Info: ./svg-inkscape/Q_v_ou_svg-tex.pdf , page15 used on inp
ut line 84.
(pdftex.def)             Requested size: 469.75502pt x 375.82822pt.
<./svg-inkscape/Q_v_ou_svg-tex.pdf, id=184, page=16, 451.6875pt x 361.35pt>
File: ./svg-inkscape/Q_v_ou_svg-tex.pdf Graphic file (type pdf)
<use ./svg-inkscape/Q_v_ou_svg-tex.pdf, page 16>
Package pdftex.def Info: ./svg-inkscape/Q_v_ou_svg-tex.pdf , page16 used on inp
ut line 86.
(pdftex.def)             Requested size: 469.75502pt x 375.82822pt.
<./svg-inkscape/Q_v_ou_svg-tex.pdf, id=185, page=17, 451.6875pt x 361.35pt>
File: ./svg-inkscape/Q_v_ou_svg-tex.pdf Graphic file (type pdf)
<use ./svg-inkscape/Q_v_ou_svg-tex.pdf, page 17>
Package pdftex.def Info: ./svg-inkscape/Q_v_ou_svg-tex.pdf , page17 used on inp
ut line 88.
(pdftex.def)             Requested size: 469.75502pt x 375.82822pt.
<./svg-inkscape/Q_v_ou_svg-tex.pdf, id=186, page=18, 451.6875pt x 361.35pt>
File: ./svg-inkscape/Q_v_ou_svg-tex.pdf Graphic file (type pdf)
<use ./svg-inkscape/Q_v_ou_svg-tex.pdf, page 18>
Package pdftex.def Info: ./svg-inkscape/Q_v_ou_svg-tex.pdf , page18 used on inp
ut line 90.
(pdftex.def)             Requested size: 469.75502pt x 375.82822pt.
<./svg-inkscape/Q_v_ou_svg-tex.pdf, id=187, page=19, 451.6875pt x 361.35pt>
File: ./svg-inkscape/Q_v_ou_svg-tex.pdf Graphic file (type pdf)
<use ./svg-inkscape/Q_v_ou_svg-tex.pdf, page 19>
Package pdftex.def Info: ./svg-inkscape/Q_v_ou_svg-tex.pdf , page19 used on inp
ut line 92.
(pdftex.def)             Requested size: 469.75502pt x 375.82822pt.
<./svg-inkscape/Q_v_ou_svg-tex.pdf, id=188, page=20, 451.6875pt x 361.35pt>
File: ./svg-inkscape/Q_v_ou_svg-tex.pdf Graphic file (type pdf)
<use ./svg-inkscape/Q_v_ou_svg-tex.pdf, page 20>
Package pdftex.def Info: ./svg-inkscape/Q_v_ou_svg-tex.pdf , page20 used on inp
ut line 94.
(pdftex.def)             Requested size: 469.75502pt x 375.82822pt.
<./svg-inkscape/Q_v_ou_svg-tex.pdf, id=189, page=21, 451.6875pt x 361.35pt>
File: ./svg-inkscape/Q_v_ou_svg-tex.pdf Graphic file (type pdf)
<use ./svg-inkscape/Q_v_ou_svg-tex.pdf, page 21>
Package pdftex.def Info: ./svg-inkscape/Q_v_ou_svg-tex.pdf , page21 used on inp
ut line 96.
(pdftex.def)             Requested size: 469.75502pt x 375.82822pt.
<./svg-inkscape/Q_v_ou_svg-tex.pdf, id=190, page=22, 451.6875pt x 361.35pt>
File: ./svg-inkscape/Q_v_ou_svg-tex.pdf Graphic file (type pdf)
<use ./svg-inkscape/Q_v_ou_svg-tex.pdf, page 22>
Package pdftex.def Info: ./svg-inkscape/Q_v_ou_svg-tex.pdf , page22 used on inp
ut line 98.
(pdftex.def)             Requested size: 469.75502pt x 375.82822pt.
<./svg-inkscape/Q_v_ou_svg-tex.pdf, id=191, page=23, 451.6875pt x 361.35pt>
File: ./svg-inkscape/Q_v_ou_svg-tex.pdf Graphic file (type pdf)
<use ./svg-inkscape/Q_v_ou_svg-tex.pdf, page 23>
Package pdftex.def Info: ./svg-inkscape/Q_v_ou_svg-tex.pdf , page23 used on inp
ut line 100.
(pdftex.def)             Requested size: 469.75502pt x 375.82822pt.
<./svg-inkscape/Q_v_ou_svg-tex.pdf, id=192, page=24, 451.6875pt x 361.35pt>
File: ./svg-inkscape/Q_v_ou_svg-tex.pdf Graphic file (type pdf)
<use ./svg-inkscape/Q_v_ou_svg-tex.pdf, page 24>
Package pdftex.def Info: ./svg-inkscape/Q_v_ou_svg-tex.pdf , page24 used on inp
ut line 102.
(pdftex.def)             Requested size: 469.75502pt x 375.82822pt.
<./svg-inkscape/Q_v_ou_svg-tex.pdf, id=193, page=25, 451.6875pt x 361.35pt>
File: ./svg-inkscape/Q_v_ou_svg-tex.pdf Graphic file (type pdf)
<use ./svg-inkscape/Q_v_ou_svg-tex.pdf, page 25>
Package pdftex.def Info: ./svg-inkscape/Q_v_ou_svg-tex.pdf , page25 used on inp
ut line 104.
(pdftex.def)             Requested size: 469.75502pt x 375.82822pt.
<./svg-inkscape/Q_v_ou_svg-tex.pdf, id=194, page=26, 451.6875pt x 361.35pt>
File: ./svg-inkscape/Q_v_ou_svg-tex.pdf Graphic file (type pdf)
<use ./svg-inkscape/Q_v_ou_svg-tex.pdf, page 26>
Package pdftex.def Info: ./svg-inkscape/Q_v_ou_svg-tex.pdf , page26 used on inp
ut line 106.
(pdftex.def)             Requested size: 469.75502pt x 375.82822pt.
<./svg-inkscape/Q_v_ou_svg-tex.pdf, id=195, page=27, 451.6875pt x 361.35pt>
File: ./svg-inkscape/Q_v_ou_svg-tex.pdf Graphic file (type pdf)
<use ./svg-inkscape/Q_v_ou_svg-tex.pdf, page 27>
Package pdftex.def Info: ./svg-inkscape/Q_v_ou_svg-tex.pdf , page27 used on inp
ut line 108.
(pdftex.def)             Requested size: 469.75502pt x 375.82822pt.
<./svg-inkscape/Q_v_ou_svg-tex.pdf, id=196, page=28, 451.6875pt x 361.35pt>
File: ./svg-inkscape/Q_v_ou_svg-tex.pdf Graphic file (type pdf)
<use ./svg-inkscape/Q_v_ou_svg-tex.pdf, page 28>
Package pdftex.def Info: ./svg-inkscape/Q_v_ou_svg-tex.pdf , page28 used on inp
ut line 110.
(pdftex.def)             Requested size: 469.75502pt x 375.82822pt.
<./svg-inkscape/Q_v_ou_svg-tex.pdf, id=197, page=29, 451.6875pt x 361.35pt>
File: ./svg-inkscape/Q_v_ou_svg-tex.pdf Graphic file (type pdf)
<use ./svg-inkscape/Q_v_ou_svg-tex.pdf, page 29>
Package pdftex.def Info: ./svg-inkscape/Q_v_ou_svg-tex.pdf , page29 used on inp
ut line 112.
(pdftex.def)             Requested size: 469.75502pt x 375.82822pt.
<./svg-inkscape/Q_v_ou_svg-tex.pdf, id=198, page=30, 451.6875pt x 361.35pt>
File: ./svg-inkscape/Q_v_ou_svg-tex.pdf Graphic file (type pdf)
<use ./svg-inkscape/Q_v_ou_svg-tex.pdf, page 30>
Package pdftex.def Info: ./svg-inkscape/Q_v_ou_svg-tex.pdf , page30 used on inp
ut line 114.
(pdftex.def)             Requested size: 469.75502pt x 375.82822pt.
<./svg-inkscape/Q_v_ou_svg-tex.pdf, id=199, page=31, 451.6875pt x 361.35pt>
File: ./svg-inkscape/Q_v_ou_svg-tex.pdf Graphic file (type pdf)
<use ./svg-inkscape/Q_v_ou_svg-tex.pdf, page 31>
Package pdftex.def Info: ./svg-inkscape/Q_v_ou_svg-tex.pdf , page31 used on inp
ut line 116.
(pdftex.def)             Requested size: 469.75502pt x 375.82822pt.
<./svg-inkscape/Q_v_ou_svg-tex.pdf, id=200, page=32, 451.6875pt x 361.35pt>
File: ./svg-inkscape/Q_v_ou_svg-tex.pdf Graphic file (type pdf)
<use ./svg-inkscape/Q_v_ou_svg-tex.pdf, page 32>
Package pdftex.def Info: ./svg-inkscape/Q_v_ou_svg-tex.pdf , page32 used on inp
ut line 118.
(pdftex.def)             Requested size: 469.75502pt x 375.82822pt.
<./svg-inkscape/Q_v_ou_svg-tex.pdf, id=201, page=33, 451.6875pt x 361.35pt>
File: ./svg-inkscape/Q_v_ou_svg-tex.pdf Graphic file (type pdf)
<use ./svg-inkscape/Q_v_ou_svg-tex.pdf, page 33>
Package pdftex.def Info: ./svg-inkscape/Q_v_ou_svg-tex.pdf , page33 used on inp
ut line 120.
(pdftex.def)             Requested size: 469.75502pt x 375.82822pt.
)
Underfull \vbox (badness 10000) has occurred while \output is active []

 [12]
[13 <./svg-inkscape/Q_v_ou_svg-tex.pdf> <./svg-inkscape/Q_v_ou_svg-tex.pdf

pdfTeX warning: pdflatex (file ./svg-inkscape/Q_v_ou_svg-tex.pdf): PDF inclusio
n: multiple pdfs with page group included in a single page
> <./svg-inkscape/Q_v_ou_svg-tex.pdf

pdfTeX warning: pdflatex (file ./svg-inkscape/Q_v_ou_svg-tex.pdf): PDF inclusio
n: multiple pdfs with page group included in a single page
> <./svg-inkscape/Q_v_ou_svg-tex.pdf

pdfTeX warning: pdflatex (file ./svg-inkscape/Q_v_ou_svg-tex.pdf): PDF inclusio
n: multiple pdfs with page group included in a single page
> <./svg-inkscape/Q_v_ou_svg-tex.pdf

pdfTeX warning: pdflatex (file ./svg-inkscape/Q_v_ou_svg-tex.pdf): PDF inclusio
n: multiple pdfs with page group included in a single page
> <./svg-inkscape/Q_v_ou_svg-tex.pdf

pdfTeX warning: pdflatex (file ./svg-inkscape/Q_v_ou_svg-tex.pdf): PDF inclusio
n: multiple pdfs with page group included in a single page
> <./svg-inkscape/Q_v_ou_svg-tex.pdf

pdfTeX warning: pdflatex (file ./svg-inkscape/Q_v_ou_svg-tex.pdf): PDF inclusio
n: multiple pdfs with page group included in a single page
> <./svg-inkscape/Q_v_ou_svg-tex.pdf

pdfTeX warning: pdflatex (file ./svg-inkscape/Q_v_ou_svg-tex.pdf): PDF inclusio
n: multiple pdfs with page group included in a single page
> <./svg-inkscape/Q_v_ou_svg-tex.pdf

pdfTeX warning: pdflatex (file ./svg-inkscape/Q_v_ou_svg-tex.pdf): PDF inclusio
n: multiple pdfs with page group included in a single page
> <./svg-inkscape/Q_v_ou_svg-tex.pdf

pdfTeX warning: pdflatex (file ./svg-inkscape/Q_v_ou_svg-tex.pdf): PDF inclusio
n: multiple pdfs with page group included in a single page
> <./svg-inkscape/Q_v_ou_svg-tex.pdf

pdfTeX warning: pdflatex (file ./svg-inkscape/Q_v_ou_svg-tex.pdf): PDF inclusio
n: multiple pdfs with page group included in a single page
> <./svg-inkscape/Q_v_ou_svg-tex.pdf

pdfTeX warning: pdflatex (file ./svg-inkscape/Q_v_ou_svg-tex.pdf): PDF inclusio
n: multiple pdfs with page group included in a single page
> <./svg-inkscape/Q_v_ou_svg-tex.pdf

pdfTeX warning: pdflatex (file ./svg-inkscape/Q_v_ou_svg-tex.pdf): PDF inclusio
n: multiple pdfs with page group included in a single page
> <./svg-inkscape/Q_v_ou_svg-tex.pdf

pdfTeX warning: pdflatex (file ./svg-inkscape/Q_v_ou_svg-tex.pdf): PDF inclusio
n: multiple pdfs with page group included in a single page
> <./svg-inkscape/Q_v_ou_svg-tex.pdf

pdfTeX warning: pdflatex (file ./svg-inkscape/Q_v_ou_svg-tex.pdf): PDF inclusio
n: multiple pdfs with page group included in a single page
> <./svg-inkscape/Q_v_ou_svg-tex.pdf

pdfTeX warning: pdflatex (file ./svg-inkscape/Q_v_ou_svg-tex.pdf): PDF inclusio
n: multiple pdfs with page group included in a single page
> <./svg-inkscape/Q_v_ou_svg-tex.pdf

pdfTeX warning: pdflatex (file ./svg-inkscape/Q_v_ou_svg-tex.pdf): PDF inclusio
n: multiple pdfs with page group included in a single page
> <./svg-inkscape/Q_v_ou_svg-tex.pdf

pdfTeX warning: pdflatex (file ./svg-inkscape/Q_v_ou_svg-tex.pdf): PDF inclusio
n: multiple pdfs with page group included in a single page
> <./svg-inkscape/Q_v_ou_svg-tex.pdf

pdfTeX warning: pdflatex (file ./svg-inkscape/Q_v_ou_svg-tex.pdf): PDF inclusio
n: multiple pdfs with page group included in a single page
> <./svg-inkscape/Q_v_ou_svg-tex.pdf

pdfTeX warning: pdflatex (file ./svg-inkscape/Q_v_ou_svg-tex.pdf): PDF inclusio
n: multiple pdfs with page group included in a single page
> <./svg-inkscape/Q_v_ou_svg-tex.pdf

pdfTeX warning: pdflatex (file ./svg-inkscape/Q_v_ou_svg-tex.pdf): PDF inclusio
n: multiple pdfs with page group included in a single page
> <./svg-inkscape/Q_v_ou_svg-tex.pdf

pdfTeX warning: pdflatex (file ./svg-inkscape/Q_v_ou_svg-tex.pdf): PDF inclusio
n: multiple pdfs with page group included in a single page
> <./svg-inkscape/Q_v_ou_svg-tex.pdf

pdfTeX warning: pdflatex (file ./svg-inkscape/Q_v_ou_svg-tex.pdf): PDF inclusio
n: multiple pdfs with page group included in a single page
> <./svg-inkscape/Q_v_ou_svg-tex.pdf

pdfTeX warning: pdflatex (file ./svg-inkscape/Q_v_ou_svg-tex.pdf): PDF inclusio
n: multiple pdfs with page group included in a single page
> <./svg-inkscape/Q_v_ou_svg-tex.pdf

pdfTeX warning: pdflatex (file ./svg-inkscape/Q_v_ou_svg-tex.pdf): PDF inclusio
n: multiple pdfs with page group included in a single page
> <./svg-inkscape/Q_v_ou_svg-tex.pdf

pdfTeX warning: pdflatex (file ./svg-inkscape/Q_v_ou_svg-tex.pdf): PDF inclusio
n: multiple pdfs with page group included in a single page
> <./svg-inkscape/Q_v_ou_svg-tex.pdf

pdfTeX warning: pdflatex (file ./svg-inkscape/Q_v_ou_svg-tex.pdf): PDF inclusio
n: multiple pdfs with page group included in a single page
> <./svg-inkscape/Q_v_ou_svg-tex.pdf

pdfTeX warning: pdflatex (file ./svg-inkscape/Q_v_ou_svg-tex.pdf): PDF inclusio
n: multiple pdfs with page group included in a single page
> <./svg-inkscape/Q_v_ou_svg-tex.pdf

pdfTeX warning: pdflatex (file ./svg-inkscape/Q_v_ou_svg-tex.pdf): PDF inclusio
n: multiple pdfs with page group included in a single page
> <./svg-inkscape/Q_v_ou_svg-tex.pdf

pdfTeX warning: pdflatex (file ./svg-inkscape/Q_v_ou_svg-tex.pdf): PDF inclusio
n: multiple pdfs with page group included in a single page
> <./svg-inkscape/Q_v_ou_svg-tex.pdf

pdfTeX warning: pdflatex (file ./svg-inkscape/Q_v_ou_svg-tex.pdf): PDF inclusio
n: multiple pdfs with page group included in a single page
> <./svg-inkscape/Q_v_ou_svg-tex.pdf

pdfTeX warning: pdflatex (file ./svg-inkscape/Q_v_ou_svg-tex.pdf): PDF inclusio
n: multiple pdfs with page group included in a single page
> <./svg-inkscape/Q_v_ou_svg-tex.pdf

pdfTeX warning: pdflatex (file ./svg-inkscape/Q_v_ou_svg-tex.pdf): PDF inclusio
n: multiple pdfs with page group included in a single page
>] (../../Lab-files/GP-Files/1/Q_iv.gp)
Package svg Info: Last page of `./svg-inkscape/Q_iv_ou_svg-tex.pdf' is 24 on in
put line 190.
 (./svg-inkscape/Q_iv_ou_svg-tex.pdf_tex
<./svg-inkscape/Q_iv_ou_svg-tex.pdf, id=213, page=1, 451.6875pt x 361.35pt>
File: ./svg-inkscape/Q_iv_ou_svg-tex.pdf Graphic file (type pdf)
<use ./svg-inkscape/Q_iv_ou_svg-tex.pdf, page 1>
Package pdftex.def Info: ./svg-inkscape/Q_iv_ou_svg-tex.pdf , page1 used on inp
ut line 56.
(pdftex.def)             Requested size: 469.75502pt x 375.82822pt.
<./svg-inkscape/Q_iv_ou_svg-tex.pdf, id=214, page=2, 451.6875pt x 361.35pt>
File: ./svg-inkscape/Q_iv_ou_svg-tex.pdf Graphic file (type pdf)
<use ./svg-inkscape/Q_iv_ou_svg-tex.pdf, page 2>
Package pdftex.def Info: ./svg-inkscape/Q_iv_ou_svg-tex.pdf , page2 used on inp
ut line 58.
(pdftex.def)             Requested size: 469.75502pt x 375.82822pt.
<./svg-inkscape/Q_iv_ou_svg-tex.pdf, id=215, page=3, 451.6875pt x 361.35pt>
File: ./svg-inkscape/Q_iv_ou_svg-tex.pdf Graphic file (type pdf)
<use ./svg-inkscape/Q_iv_ou_svg-tex.pdf, page 3>
Package pdftex.def Info: ./svg-inkscape/Q_iv_ou_svg-tex.pdf , page3 used on inp
ut line 60.
(pdftex.def)             Requested size: 469.75502pt x 375.82822pt.
<./svg-inkscape/Q_iv_ou_svg-tex.pdf, id=216, page=4, 451.6875pt x 361.35pt>
File: ./svg-inkscape/Q_iv_ou_svg-tex.pdf Graphic file (type pdf)
<use ./svg-inkscape/Q_iv_ou_svg-tex.pdf, page 4>
Package pdftex.def Info: ./svg-inkscape/Q_iv_ou_svg-tex.pdf , page4 used on inp
ut line 62.
(pdftex.def)             Requested size: 469.75502pt x 375.82822pt.
<./svg-inkscape/Q_iv_ou_svg-tex.pdf, id=217, page=5, 451.6875pt x 361.35pt>
File: ./svg-inkscape/Q_iv_ou_svg-tex.pdf Graphic file (type pdf)
<use ./svg-inkscape/Q_iv_ou_svg-tex.pdf, page 5>
Package pdftex.def Info: ./svg-inkscape/Q_iv_ou_svg-tex.pdf , page5 used on inp
ut line 64.
(pdftex.def)             Requested size: 469.75502pt x 375.82822pt.
<./svg-inkscape/Q_iv_ou_svg-tex.pdf, id=218, page=6, 451.6875pt x 361.35pt>
File: ./svg-inkscape/Q_iv_ou_svg-tex.pdf Graphic file (type pdf)
<use ./svg-inkscape/Q_iv_ou_svg-tex.pdf, page 6>
Package pdftex.def Info: ./svg-inkscape/Q_iv_ou_svg-tex.pdf , page6 used on inp
ut line 66.
(pdftex.def)             Requested size: 469.75502pt x 375.82822pt.
<./svg-inkscape/Q_iv_ou_svg-tex.pdf, id=219, page=7, 451.6875pt x 361.35pt>
File: ./svg-inkscape/Q_iv_ou_svg-tex.pdf Graphic file (type pdf)
<use ./svg-inkscape/Q_iv_ou_svg-tex.pdf, page 7>
Package pdftex.def Info: ./svg-inkscape/Q_iv_ou_svg-tex.pdf , page7 used on inp
ut line 68.
(pdftex.def)             Requested size: 469.75502pt x 375.82822pt.
<./svg-inkscape/Q_iv_ou_svg-tex.pdf, id=220, page=8, 451.6875pt x 361.35pt>
File: ./svg-inkscape/Q_iv_ou_svg-tex.pdf Graphic file (type pdf)
<use ./svg-inkscape/Q_iv_ou_svg-tex.pdf, page 8>
Package pdftex.def Info: ./svg-inkscape/Q_iv_ou_svg-tex.pdf , page8 used on inp
ut line 70.
(pdftex.def)             Requested size: 469.75502pt x 375.82822pt.
<./svg-inkscape/Q_iv_ou_svg-tex.pdf, id=221, page=9, 451.6875pt x 361.35pt>
File: ./svg-inkscape/Q_iv_ou_svg-tex.pdf Graphic file (type pdf)
<use ./svg-inkscape/Q_iv_ou_svg-tex.pdf, page 9>
Package pdftex.def Info: ./svg-inkscape/Q_iv_ou_svg-tex.pdf , page9 used on inp
ut line 72.
(pdftex.def)             Requested size: 469.75502pt x 375.82822pt.
<./svg-inkscape/Q_iv_ou_svg-tex.pdf, id=222, page=10, 451.6875pt x 361.35pt>
File: ./svg-inkscape/Q_iv_ou_svg-tex.pdf Graphic file (type pdf)
<use ./svg-inkscape/Q_iv_ou_svg-tex.pdf, page 10>
Package pdftex.def Info: ./svg-inkscape/Q_iv_ou_svg-tex.pdf , page10 used on in
put line 74.
(pdftex.def)             Requested size: 469.75502pt x 375.82822pt.
<./svg-inkscape/Q_iv_ou_svg-tex.pdf, id=223, page=11, 451.6875pt x 361.35pt>
File: ./svg-inkscape/Q_iv_ou_svg-tex.pdf Graphic file (type pdf)
<use ./svg-inkscape/Q_iv_ou_svg-tex.pdf, page 11>
Package pdftex.def Info: ./svg-inkscape/Q_iv_ou_svg-tex.pdf , page11 used on in
put line 76.
(pdftex.def)             Requested size: 469.75502pt x 375.82822pt.
<./svg-inkscape/Q_iv_ou_svg-tex.pdf, id=224, page=12, 451.6875pt x 361.35pt>
File: ./svg-inkscape/Q_iv_ou_svg-tex.pdf Graphic file (type pdf)
<use ./svg-inkscape/Q_iv_ou_svg-tex.pdf, page 12>
Package pdftex.def Info: ./svg-inkscape/Q_iv_ou_svg-tex.pdf , page12 used on in
put line 78.
(pdftex.def)             Requested size: 469.75502pt x 375.82822pt.
<./svg-inkscape/Q_iv_ou_svg-tex.pdf, id=225, page=13, 451.6875pt x 361.35pt>
File: ./svg-inkscape/Q_iv_ou_svg-tex.pdf Graphic file (type pdf)
<use ./svg-inkscape/Q_iv_ou_svg-tex.pdf, page 13>
Package pdftex.def Info: ./svg-inkscape/Q_iv_ou_svg-tex.pdf , page13 used on in
put line 80.
(pdftex.def)             Requested size: 469.75502pt x 375.82822pt.
<./svg-inkscape/Q_iv_ou_svg-tex.pdf, id=226, page=14, 451.6875pt x 361.35pt>
File: ./svg-inkscape/Q_iv_ou_svg-tex.pdf Graphic file (type pdf)
<use ./svg-inkscape/Q_iv_ou_svg-tex.pdf, page 14>
Package pdftex.def Info: ./svg-inkscape/Q_iv_ou_svg-tex.pdf , page14 used on in
put line 82.
(pdftex.def)             Requested size: 469.75502pt x 375.82822pt.
<./svg-inkscape/Q_iv_ou_svg-tex.pdf, id=227, page=15, 451.6875pt x 361.35pt>
File: ./svg-inkscape/Q_iv_ou_svg-tex.pdf Graphic file (type pdf)
<use ./svg-inkscape/Q_iv_ou_svg-tex.pdf, page 15>
Package pdftex.def Info: ./svg-inkscape/Q_iv_ou_svg-tex.pdf , page15 used on in
put line 84.
(pdftex.def)             Requested size: 469.75502pt x 375.82822pt.
<./svg-inkscape/Q_iv_ou_svg-tex.pdf, id=228, page=16, 451.6875pt x 361.35pt>
File: ./svg-inkscape/Q_iv_ou_svg-tex.pdf Graphic file (type pdf)
<use ./svg-inkscape/Q_iv_ou_svg-tex.pdf, page 16>
Package pdftex.def Info: ./svg-inkscape/Q_iv_ou_svg-tex.pdf , page16 used on in
put line 86.
(pdftex.def)             Requested size: 469.75502pt x 375.82822pt.
<./svg-inkscape/Q_iv_ou_svg-tex.pdf, id=229, page=17, 451.6875pt x 361.35pt>
File: ./svg-inkscape/Q_iv_ou_svg-tex.pdf Graphic file (type pdf)
<use ./svg-inkscape/Q_iv_ou_svg-tex.pdf, page 17>
Package pdftex.def Info: ./svg-inkscape/Q_iv_ou_svg-tex.pdf , page17 used on in
put line 88.
(pdftex.def)             Requested size: 469.75502pt x 375.82822pt.
<./svg-inkscape/Q_iv_ou_svg-tex.pdf, id=230, page=18, 451.6875pt x 361.35pt>
File: ./svg-inkscape/Q_iv_ou_svg-tex.pdf Graphic file (type pdf)
<use ./svg-inkscape/Q_iv_ou_svg-tex.pdf, page 18>
Package pdftex.def Info: ./svg-inkscape/Q_iv_ou_svg-tex.pdf , page18 used on in
put line 90.
(pdftex.def)             Requested size: 469.75502pt x 375.82822pt.
<./svg-inkscape/Q_iv_ou_svg-tex.pdf, id=231, page=19, 451.6875pt x 361.35pt>
File: ./svg-inkscape/Q_iv_ou_svg-tex.pdf Graphic file (type pdf)
<use ./svg-inkscape/Q_iv_ou_svg-tex.pdf, page 19>
Package pdftex.def Info: ./svg-inkscape/Q_iv_ou_svg-tex.pdf , page19 used on in
put line 92.
(pdftex.def)             Requested size: 469.75502pt x 375.82822pt.
<./svg-inkscape/Q_iv_ou_svg-tex.pdf, id=232, page=20, 451.6875pt x 361.35pt>
File: ./svg-inkscape/Q_iv_ou_svg-tex.pdf Graphic file (type pdf)
<use ./svg-inkscape/Q_iv_ou_svg-tex.pdf, page 20>
Package pdftex.def Info: ./svg-inkscape/Q_iv_ou_svg-tex.pdf , page20 used on in
put line 94.
(pdftex.def)             Requested size: 469.75502pt x 375.82822pt.
<./svg-inkscape/Q_iv_ou_svg-tex.pdf, id=233, page=21, 451.6875pt x 361.35pt>
File: ./svg-inkscape/Q_iv_ou_svg-tex.pdf Graphic file (type pdf)
<use ./svg-inkscape/Q_iv_ou_svg-tex.pdf, page 21>
Package pdftex.def Info: ./svg-inkscape/Q_iv_ou_svg-tex.pdf , page21 used on in
put line 96.
(pdftex.def)             Requested size: 469.75502pt x 375.82822pt.
<./svg-inkscape/Q_iv_ou_svg-tex.pdf, id=234, page=22, 451.6875pt x 361.35pt>
File: ./svg-inkscape/Q_iv_ou_svg-tex.pdf Graphic file (type pdf)
<use ./svg-inkscape/Q_iv_ou_svg-tex.pdf, page 22>
Package pdftex.def Info: ./svg-inkscape/Q_iv_ou_svg-tex.pdf , page22 used on in
put line 98.
(pdftex.def)             Requested size: 469.75502pt x 375.82822pt.
<./svg-inkscape/Q_iv_ou_svg-tex.pdf, id=235, page=23, 451.6875pt x 361.35pt>
File: ./svg-inkscape/Q_iv_ou_svg-tex.pdf Graphic file (type pdf)
<use ./svg-inkscape/Q_iv_ou_svg-tex.pdf, page 23>
Package pdftex.def Info: ./svg-inkscape/Q_iv_ou_svg-tex.pdf , page23 used on in
put line 100.
(pdftex.def)             Requested size: 469.75502pt x 375.82822pt.
<./svg-inkscape/Q_iv_ou_svg-tex.pdf, id=236, page=24, 451.6875pt x 361.35pt>
File: ./svg-inkscape/Q_iv_ou_svg-tex.pdf Graphic file (type pdf)
<use ./svg-inkscape/Q_iv_ou_svg-tex.pdf, page 24>
Package pdftex.def Info: ./svg-inkscape/Q_iv_ou_svg-tex.pdf , page24 used on in
put line 102.
(pdftex.def)             Requested size: 469.75502pt x 375.82822pt.
)
Underfull \vbox (badness 10000) has occurred while \output is active []

 [14]
[15 <./svg-inkscape/Q_iv_ou_svg-tex.pdf> <./svg-inkscape/Q_iv_ou_svg-tex.pdf

pdfTeX warning: pdflatex (file ./svg-inkscape/Q_iv_ou_svg-tex.pdf): PDF inclusi
on: multiple pdfs with page group included in a single page
> <./svg-inkscape/Q_iv_ou_svg-tex.pdf

pdfTeX warning: pdflatex (file ./svg-inkscape/Q_iv_ou_svg-tex.pdf): PDF inclusi
on: multiple pdfs with page group included in a single page
> <./svg-inkscape/Q_iv_ou_svg-tex.pdf

pdfTeX warning: pdflatex (file ./svg-inkscape/Q_iv_ou_svg-tex.pdf): PDF inclusi
on: multiple pdfs with page group included in a single page
> <./svg-inkscape/Q_iv_ou_svg-tex.pdf

pdfTeX warning: pdflatex (file ./svg-inkscape/Q_iv_ou_svg-tex.pdf): PDF inclusi
on: multiple pdfs with page group included in a single page
> <./svg-inkscape/Q_iv_ou_svg-tex.pdf

pdfTeX warning: pdflatex (file ./svg-inkscape/Q_iv_ou_svg-tex.pdf): PDF inclusi
on: multiple pdfs with page group included in a single page
> <./svg-inkscape/Q_iv_ou_svg-tex.pdf

pdfTeX warning: pdflatex (file ./svg-inkscape/Q_iv_ou_svg-tex.pdf): PDF inclusi
on: multiple pdfs with page group included in a single page
> <./svg-inkscape/Q_iv_ou_svg-tex.pdf

pdfTeX warning: pdflatex (file ./svg-inkscape/Q_iv_ou_svg-tex.pdf): PDF inclusi
on: multiple pdfs with page group included in a single page
> <./svg-inkscape/Q_iv_ou_svg-tex.pdf

pdfTeX warning: pdflatex (file ./svg-inkscape/Q_iv_ou_svg-tex.pdf): PDF inclusi
on: multiple pdfs with page group included in a single page
> <./svg-inkscape/Q_iv_ou_svg-tex.pdf

pdfTeX warning: pdflatex (file ./svg-inkscape/Q_iv_ou_svg-tex.pdf): PDF inclusi
on: multiple pdfs with page group included in a single page
> <./svg-inkscape/Q_iv_ou_svg-tex.pdf

pdfTeX warning: pdflatex (file ./svg-inkscape/Q_iv_ou_svg-tex.pdf): PDF inclusi
on: multiple pdfs with page group included in a single page
> <./svg-inkscape/Q_iv_ou_svg-tex.pdf

pdfTeX warning: pdflatex (file ./svg-inkscape/Q_iv_ou_svg-tex.pdf): PDF inclusi
on: multiple pdfs with page group included in a single page
> <./svg-inkscape/Q_iv_ou_svg-tex.pdf

pdfTeX warning: pdflatex (file ./svg-inkscape/Q_iv_ou_svg-tex.pdf): PDF inclusi
on: multiple pdfs with page group included in a single page
> <./svg-inkscape/Q_iv_ou_svg-tex.pdf

pdfTeX warning: pdflatex (file ./svg-inkscape/Q_iv_ou_svg-tex.pdf): PDF inclusi
on: multiple pdfs with page group included in a single page
> <./svg-inkscape/Q_iv_ou_svg-tex.pdf

pdfTeX warning: pdflatex (file ./svg-inkscape/Q_iv_ou_svg-tex.pdf): PDF inclusi
on: multiple pdfs with page group included in a single page
> <./svg-inkscape/Q_iv_ou_svg-tex.pdf

pdfTeX warning: pdflatex (file ./svg-inkscape/Q_iv_ou_svg-tex.pdf): PDF inclusi
on: multiple pdfs with page group included in a single page
> <./svg-inkscape/Q_iv_ou_svg-tex.pdf

pdfTeX warning: pdflatex (file ./svg-inkscape/Q_iv_ou_svg-tex.pdf): PDF inclusi
on: multiple pdfs with page group included in a single page
> <./svg-inkscape/Q_iv_ou_svg-tex.pdf

pdfTeX warning: pdflatex (file ./svg-inkscape/Q_iv_ou_svg-tex.pdf): PDF inclusi
on: multiple pdfs with page group included in a single page
> <./svg-inkscape/Q_iv_ou_svg-tex.pdf

pdfTeX warning: pdflatex (file ./svg-inkscape/Q_iv_ou_svg-tex.pdf): PDF inclusi
on: multiple pdfs with page group included in a single page
> <./svg-inkscape/Q_iv_ou_svg-tex.pdf

pdfTeX warning: pdflatex (file ./svg-inkscape/Q_iv_ou_svg-tex.pdf): PDF inclusi
on: multiple pdfs with page group included in a single page
> <./svg-inkscape/Q_iv_ou_svg-tex.pdf

pdfTeX warning: pdflatex (file ./svg-inkscape/Q_iv_ou_svg-tex.pdf): PDF inclusi
on: multiple pdfs with page group included in a single page
> <./svg-inkscape/Q_iv_ou_svg-tex.pdf

pdfTeX warning: pdflatex (file ./svg-inkscape/Q_iv_ou_svg-tex.pdf): PDF inclusi
on: multiple pdfs with page group included in a single page
> <./svg-inkscape/Q_iv_ou_svg-tex.pdf

pdfTeX warning: pdflatex (file ./svg-inkscape/Q_iv_ou_svg-tex.pdf): PDF inclusi
on: multiple pdfs with page group included in a single page
> <./svg-inkscape/Q_iv_ou_svg-tex.pdf

pdfTeX warning: pdflatex (file ./svg-inkscape/Q_iv_ou_svg-tex.pdf): PDF inclusi
on: multiple pdfs with page group included in a single page
>] (../../Lab-files/Data/2/Q_ii.txt)
(../../Lab-files/GP-Files/2/GNU-Plot-files/Q_2_ii.gp)
Package svg Info: Last page of `./svg-inkscape/Q_2_ii_ou_svg-tex.pdf' is 21 on 
input line 219.

(./svg-inkscape/Q_2_ii_ou_svg-tex.pdf_tex
<./svg-inkscape/Q_2_ii_ou_svg-tex.pdf, id=246, page=1, 451.6875pt x 361.35pt>
File: ./svg-inkscape/Q_2_ii_ou_svg-tex.pdf Graphic file (type pdf)
<use ./svg-inkscape/Q_2_ii_ou_svg-tex.pdf, page 1>
Package pdftex.def Info: ./svg-inkscape/Q_2_ii_ou_svg-tex.pdf , page1 used on i
nput line 56.
(pdftex.def)             Requested size: 469.75502pt x 375.82822pt.
<./svg-inkscape/Q_2_ii_ou_svg-tex.pdf, id=247, page=2, 451.6875pt x 361.35pt>
File: ./svg-inkscape/Q_2_ii_ou_svg-tex.pdf Graphic file (type pdf)
<use ./svg-inkscape/Q_2_ii_ou_svg-tex.pdf, page 2>
Package pdftex.def Info: ./svg-inkscape/Q_2_ii_ou_svg-tex.pdf , page2 used on i
nput line 58.
(pdftex.def)             Requested size: 469.75502pt x 375.82822pt.
<./svg-inkscape/Q_2_ii_ou_svg-tex.pdf, id=248, page=3, 451.6875pt x 361.35pt>
File: ./svg-inkscape/Q_2_ii_ou_svg-tex.pdf Graphic file (type pdf)
<use ./svg-inkscape/Q_2_ii_ou_svg-tex.pdf, page 3>
Package pdftex.def Info: ./svg-inkscape/Q_2_ii_ou_svg-tex.pdf , page3 used on i
nput line 60.
(pdftex.def)             Requested size: 469.75502pt x 375.82822pt.
<./svg-inkscape/Q_2_ii_ou_svg-tex.pdf, id=249, page=4, 451.6875pt x 361.35pt>
File: ./svg-inkscape/Q_2_ii_ou_svg-tex.pdf Graphic file (type pdf)
<use ./svg-inkscape/Q_2_ii_ou_svg-tex.pdf, page 4>
Package pdftex.def Info: ./svg-inkscape/Q_2_ii_ou_svg-tex.pdf , page4 used on i
nput line 62.
(pdftex.def)             Requested size: 469.75502pt x 375.82822pt.
<./svg-inkscape/Q_2_ii_ou_svg-tex.pdf, id=250, page=5, 451.6875pt x 361.35pt>
File: ./svg-inkscape/Q_2_ii_ou_svg-tex.pdf Graphic file (type pdf)
<use ./svg-inkscape/Q_2_ii_ou_svg-tex.pdf, page 5>
Package pdftex.def Info: ./svg-inkscape/Q_2_ii_ou_svg-tex.pdf , page5 used on i
nput line 64.
(pdftex.def)             Requested size: 469.75502pt x 375.82822pt.
<./svg-inkscape/Q_2_ii_ou_svg-tex.pdf, id=251, page=6, 451.6875pt x 361.35pt>
File: ./svg-inkscape/Q_2_ii_ou_svg-tex.pdf Graphic file (type pdf)
<use ./svg-inkscape/Q_2_ii_ou_svg-tex.pdf, page 6>
Package pdftex.def Info: ./svg-inkscape/Q_2_ii_ou_svg-tex.pdf , page6 used on i
nput line 66.
(pdftex.def)             Requested size: 469.75502pt x 375.82822pt.
<./svg-inkscape/Q_2_ii_ou_svg-tex.pdf, id=252, page=7, 451.6875pt x 361.35pt>
File: ./svg-inkscape/Q_2_ii_ou_svg-tex.pdf Graphic file (type pdf)
<use ./svg-inkscape/Q_2_ii_ou_svg-tex.pdf, page 7>
Package pdftex.def Info: ./svg-inkscape/Q_2_ii_ou_svg-tex.pdf , page7 used on i
nput line 68.
(pdftex.def)             Requested size: 469.75502pt x 375.82822pt.
<./svg-inkscape/Q_2_ii_ou_svg-tex.pdf, id=253, page=8, 451.6875pt x 361.35pt>
File: ./svg-inkscape/Q_2_ii_ou_svg-tex.pdf Graphic file (type pdf)
<use ./svg-inkscape/Q_2_ii_ou_svg-tex.pdf, page 8>
Package pdftex.def Info: ./svg-inkscape/Q_2_ii_ou_svg-tex.pdf , page8 used on i
nput line 70.
(pdftex.def)             Requested size: 469.75502pt x 375.82822pt.
<./svg-inkscape/Q_2_ii_ou_svg-tex.pdf, id=254, page=9, 451.6875pt x 361.35pt>
File: ./svg-inkscape/Q_2_ii_ou_svg-tex.pdf Graphic file (type pdf)
<use ./svg-inkscape/Q_2_ii_ou_svg-tex.pdf, page 9>
Package pdftex.def Info: ./svg-inkscape/Q_2_ii_ou_svg-tex.pdf , page9 used on i
nput line 72.
(pdftex.def)             Requested size: 469.75502pt x 375.82822pt.
<./svg-inkscape/Q_2_ii_ou_svg-tex.pdf, id=255, page=10, 451.6875pt x 361.35pt>
File: ./svg-inkscape/Q_2_ii_ou_svg-tex.pdf Graphic file (type pdf)
<use ./svg-inkscape/Q_2_ii_ou_svg-tex.pdf, page 10>
Package pdftex.def Info: ./svg-inkscape/Q_2_ii_ou_svg-tex.pdf , page10 used on 
input line 74.
(pdftex.def)             Requested size: 469.75502pt x 375.82822pt.
<./svg-inkscape/Q_2_ii_ou_svg-tex.pdf, id=256, page=11, 451.6875pt x 361.35pt>
File: ./svg-inkscape/Q_2_ii_ou_svg-tex.pdf Graphic file (type pdf)
<use ./svg-inkscape/Q_2_ii_ou_svg-tex.pdf, page 11>
Package pdftex.def Info: ./svg-inkscape/Q_2_ii_ou_svg-tex.pdf , page11 used on 
input line 76.
(pdftex.def)             Requested size: 469.75502pt x 375.82822pt.
<./svg-inkscape/Q_2_ii_ou_svg-tex.pdf, id=257, page=12, 451.6875pt x 361.35pt>
File: ./svg-inkscape/Q_2_ii_ou_svg-tex.pdf Graphic file (type pdf)
<use ./svg-inkscape/Q_2_ii_ou_svg-tex.pdf, page 12>
Package pdftex.def Info: ./svg-inkscape/Q_2_ii_ou_svg-tex.pdf , page12 used on 
input line 78.
(pdftex.def)             Requested size: 469.75502pt x 375.82822pt.
<./svg-inkscape/Q_2_ii_ou_svg-tex.pdf, id=258, page=13, 451.6875pt x 361.35pt>
File: ./svg-inkscape/Q_2_ii_ou_svg-tex.pdf Graphic file (type pdf)
<use ./svg-inkscape/Q_2_ii_ou_svg-tex.pdf, page 13>
Package pdftex.def Info: ./svg-inkscape/Q_2_ii_ou_svg-tex.pdf , page13 used on 
input line 80.
(pdftex.def)             Requested size: 469.75502pt x 375.82822pt.
<./svg-inkscape/Q_2_ii_ou_svg-tex.pdf, id=259, page=14, 451.6875pt x 361.35pt>
File: ./svg-inkscape/Q_2_ii_ou_svg-tex.pdf Graphic file (type pdf)
<use ./svg-inkscape/Q_2_ii_ou_svg-tex.pdf, page 14>
Package pdftex.def Info: ./svg-inkscape/Q_2_ii_ou_svg-tex.pdf , page14 used on 
input line 82.
(pdftex.def)             Requested size: 469.75502pt x 375.82822pt.
<./svg-inkscape/Q_2_ii_ou_svg-tex.pdf, id=260, page=15, 451.6875pt x 361.35pt>
File: ./svg-inkscape/Q_2_ii_ou_svg-tex.pdf Graphic file (type pdf)
<use ./svg-inkscape/Q_2_ii_ou_svg-tex.pdf, page 15>
Package pdftex.def Info: ./svg-inkscape/Q_2_ii_ou_svg-tex.pdf , page15 used on 
input line 84.
(pdftex.def)             Requested size: 469.75502pt x 375.82822pt.
<./svg-inkscape/Q_2_ii_ou_svg-tex.pdf, id=261, page=16, 451.6875pt x 361.35pt>
File: ./svg-inkscape/Q_2_ii_ou_svg-tex.pdf Graphic file (type pdf)
<use ./svg-inkscape/Q_2_ii_ou_svg-tex.pdf, page 16>
Package pdftex.def Info: ./svg-inkscape/Q_2_ii_ou_svg-tex.pdf , page16 used on 
input line 86.
(pdftex.def)             Requested size: 469.75502pt x 375.82822pt.
<./svg-inkscape/Q_2_ii_ou_svg-tex.pdf, id=262, page=17, 451.6875pt x 361.35pt>
File: ./svg-inkscape/Q_2_ii_ou_svg-tex.pdf Graphic file (type pdf)
<use ./svg-inkscape/Q_2_ii_ou_svg-tex.pdf, page 17>
Package pdftex.def Info: ./svg-inkscape/Q_2_ii_ou_svg-tex.pdf , page17 used on 
input line 88.
(pdftex.def)             Requested size: 469.75502pt x 375.82822pt.
<./svg-inkscape/Q_2_ii_ou_svg-tex.pdf, id=263, page=18, 451.6875pt x 361.35pt>
File: ./svg-inkscape/Q_2_ii_ou_svg-tex.pdf Graphic file (type pdf)
<use ./svg-inkscape/Q_2_ii_ou_svg-tex.pdf, page 18>
Package pdftex.def Info: ./svg-inkscape/Q_2_ii_ou_svg-tex.pdf , page18 used on 
input line 90.
(pdftex.def)             Requested size: 469.75502pt x 375.82822pt.
<./svg-inkscape/Q_2_ii_ou_svg-tex.pdf, id=264, page=19, 451.6875pt x 361.35pt>
File: ./svg-inkscape/Q_2_ii_ou_svg-tex.pdf Graphic file (type pdf)
<use ./svg-inkscape/Q_2_ii_ou_svg-tex.pdf, page 19>
Package pdftex.def Info: ./svg-inkscape/Q_2_ii_ou_svg-tex.pdf , page19 used on 
input line 92.
(pdftex.def)             Requested size: 469.75502pt x 375.82822pt.
<./svg-inkscape/Q_2_ii_ou_svg-tex.pdf, id=265, page=20, 451.6875pt x 361.35pt>
File: ./svg-inkscape/Q_2_ii_ou_svg-tex.pdf Graphic file (type pdf)
<use ./svg-inkscape/Q_2_ii_ou_svg-tex.pdf, page 20>
Package pdftex.def Info: ./svg-inkscape/Q_2_ii_ou_svg-tex.pdf , page20 used on 
input line 94.
(pdftex.def)             Requested size: 469.75502pt x 375.82822pt.
<./svg-inkscape/Q_2_ii_ou_svg-tex.pdf, id=266, page=21, 451.6875pt x 361.35pt>
File: ./svg-inkscape/Q_2_ii_ou_svg-tex.pdf Graphic file (type pdf)
<use ./svg-inkscape/Q_2_ii_ou_svg-tex.pdf, page 21>
Package pdftex.def Info: ./svg-inkscape/Q_2_ii_ou_svg-tex.pdf , page21 used on 
input line 96.
(pdftex.def)             Requested size: 469.75502pt x 375.82822pt.
)
Underfull \vbox (badness 3838) has occurred while \output is active []

 [16]
(../../Lab-files/GP-Files/2/Fit-log/fit_ii.log
LaTeX Font Info:    Font shape `OT1/cmtt/bx/n' in size <8> not available
(Font)              Font shape `OT1/cmtt/m/n' tried instead on input line 29.
) [17 <./svg-inkscape/Q_2_ii_ou_svg-tex.pdf> <./svg-inkscape/Q_2_ii_ou_svg-tex.
pdf

pdfTeX warning: pdflatex (file ./svg-inkscape/Q_2_ii_ou_svg-tex.pdf): PDF inclu
sion: multiple pdfs with page group included in a single page
> <./svg-inkscape/Q_2_ii_ou_svg-tex.pdf

pdfTeX warning: pdflatex (file ./svg-inkscape/Q_2_ii_ou_svg-tex.pdf): PDF inclu
sion: multiple pdfs with page group included in a single page
> <./svg-inkscape/Q_2_ii_ou_svg-tex.pdf

pdfTeX warning: pdflatex (file ./svg-inkscape/Q_2_ii_ou_svg-tex.pdf): PDF inclu
sion: multiple pdfs with page group included in a single page
> <./svg-inkscape/Q_2_ii_ou_svg-tex.pdf

pdfTeX warning: pdflatex (file ./svg-inkscape/Q_2_ii_ou_svg-tex.pdf): PDF inclu
sion: multiple pdfs with page group included in a single page
> <./svg-inkscape/Q_2_ii_ou_svg-tex.pdf

pdfTeX warning: pdflatex (file ./svg-inkscape/Q_2_ii_ou_svg-tex.pdf): PDF inclu
sion: multiple pdfs with page group included in a single page
> <./svg-inkscape/Q_2_ii_ou_svg-tex.pdf

pdfTeX warning: pdflatex (file ./svg-inkscape/Q_2_ii_ou_svg-tex.pdf): PDF inclu
sion: multiple pdfs with page group included in a single page
> <./svg-inkscape/Q_2_ii_ou_svg-tex.pdf

pdfTeX warning: pdflatex (file ./svg-inkscape/Q_2_ii_ou_svg-tex.pdf): PDF inclu
sion: multiple pdfs with page group included in a single page
> <./svg-inkscape/Q_2_ii_ou_svg-tex.pdf

pdfTeX warning: pdflatex (file ./svg-inkscape/Q_2_ii_ou_svg-tex.pdf): PDF inclu
sion: multiple pdfs with page group included in a single page
> <./svg-inkscape/Q_2_ii_ou_svg-tex.pdf

pdfTeX warning: pdflatex (file ./svg-inkscape/Q_2_ii_ou_svg-tex.pdf): PDF inclu
sion: multiple pdfs with page group included in a single page
> <./svg-inkscape/Q_2_ii_ou_svg-tex.pdf

pdfTeX warning: pdflatex (file ./svg-inkscape/Q_2_ii_ou_svg-tex.pdf): PDF inclu
sion: multiple pdfs with page group included in a single page
> <./svg-inkscape/Q_2_ii_ou_svg-tex.pdf

pdfTeX warning: pdflatex (file ./svg-inkscape/Q_2_ii_ou_svg-tex.pdf): PDF inclu
sion: multiple pdfs with page group included in a single page
> <./svg-inkscape/Q_2_ii_ou_svg-tex.pdf

pdfTeX warning: pdflatex (file ./svg-inkscape/Q_2_ii_ou_svg-tex.pdf): PDF inclu
sion: multiple pdfs with page group included in a single page
> <./svg-inkscape/Q_2_ii_ou_svg-tex.pdf

pdfTeX warning: pdflatex (file ./svg-inkscape/Q_2_ii_ou_svg-tex.pdf): PDF inclu
sion: multiple pdfs with page group included in a single page
> <./svg-inkscape/Q_2_ii_ou_svg-tex.pdf

pdfTeX warning: pdflatex (file ./svg-inkscape/Q_2_ii_ou_svg-tex.pdf): PDF inclu
sion: multiple pdfs with page group included in a single page
> <./svg-inkscape/Q_2_ii_ou_svg-tex.pdf

pdfTeX warning: pdflatex (file ./svg-inkscape/Q_2_ii_ou_svg-tex.pdf): PDF inclu
sion: multiple pdfs with page group included in a single page
> <./svg-inkscape/Q_2_ii_ou_svg-tex.pdf

pdfTeX warning: pdflatex (file ./svg-inkscape/Q_2_ii_ou_svg-tex.pdf): PDF inclu
sion: multiple pdfs with page group included in a single page
> <./svg-inkscape/Q_2_ii_ou_svg-tex.pdf

pdfTeX warning: pdflatex (file ./svg-inkscape/Q_2_ii_ou_svg-tex.pdf): PDF inclu
sion: multiple pdfs with page group included in a single page
> <./svg-inkscape/Q_2_ii_ou_svg-tex.pdf

pdfTeX warning: pdflatex (file ./svg-inkscape/Q_2_ii_ou_svg-tex.pdf): PDF inclu
sion: multiple pdfs with page group included in a single page
> <./svg-inkscape/Q_2_ii_ou_svg-tex.pdf

pdfTeX warning: pdflatex (file ./svg-inkscape/Q_2_ii_ou_svg-tex.pdf): PDF inclu
sion: multiple pdfs with page group included in a single page
> <./svg-inkscape/Q_2_ii_ou_svg-tex.pdf

pdfTeX warning: pdflatex (file ./svg-inkscape/Q_2_ii_ou_svg-tex.pdf): PDF inclu
sion: multiple pdfs with page group included in a single page
>] (../../Lab-files/Data/2/Q_iii.txt)
(../../Lab-files/GP-Files/2/GNU-Plot-files/Q_2_iii.gp)
Package svg Info: Last page of `./svg-inkscape/Q_2_iii_ou_svg-tex.pdf' is 23 on
 input line 248.

(./svg-inkscape/Q_2_iii_ou_svg-tex.pdf_tex
<./svg-inkscape/Q_2_iii_ou_svg-tex.pdf, id=277, page=1, 451.6875pt x 361.35pt>
File: ./svg-inkscape/Q_2_iii_ou_svg-tex.pdf Graphic file (type pdf)
<use ./svg-inkscape/Q_2_iii_ou_svg-tex.pdf, page 1>
Package pdftex.def Info: ./svg-inkscape/Q_2_iii_ou_svg-tex.pdf , page1 used on 
input line 56.
(pdftex.def)             Requested size: 469.75502pt x 375.82822pt.
<./svg-inkscape/Q_2_iii_ou_svg-tex.pdf, id=278, page=2, 451.6875pt x 361.35pt>
File: ./svg-inkscape/Q_2_iii_ou_svg-tex.pdf Graphic file (type pdf)
<use ./svg-inkscape/Q_2_iii_ou_svg-tex.pdf, page 2>
Package pdftex.def Info: ./svg-inkscape/Q_2_iii_ou_svg-tex.pdf , page2 used on 
input line 58.
(pdftex.def)             Requested size: 469.75502pt x 375.82822pt.
<./svg-inkscape/Q_2_iii_ou_svg-tex.pdf, id=279, page=3, 451.6875pt x 361.35pt>
File: ./svg-inkscape/Q_2_iii_ou_svg-tex.pdf Graphic file (type pdf)
<use ./svg-inkscape/Q_2_iii_ou_svg-tex.pdf, page 3>
Package pdftex.def Info: ./svg-inkscape/Q_2_iii_ou_svg-tex.pdf , page3 used on 
input line 60.
(pdftex.def)             Requested size: 469.75502pt x 375.82822pt.
<./svg-inkscape/Q_2_iii_ou_svg-tex.pdf, id=280, page=4, 451.6875pt x 361.35pt>
File: ./svg-inkscape/Q_2_iii_ou_svg-tex.pdf Graphic file (type pdf)
<use ./svg-inkscape/Q_2_iii_ou_svg-tex.pdf, page 4>
Package pdftex.def Info: ./svg-inkscape/Q_2_iii_ou_svg-tex.pdf , page4 used on 
input line 62.
(pdftex.def)             Requested size: 469.75502pt x 375.82822pt.
<./svg-inkscape/Q_2_iii_ou_svg-tex.pdf, id=281, page=5, 451.6875pt x 361.35pt>
File: ./svg-inkscape/Q_2_iii_ou_svg-tex.pdf Graphic file (type pdf)
<use ./svg-inkscape/Q_2_iii_ou_svg-tex.pdf, page 5>
Package pdftex.def Info: ./svg-inkscape/Q_2_iii_ou_svg-tex.pdf , page5 used on 
input line 64.
(pdftex.def)             Requested size: 469.75502pt x 375.82822pt.
<./svg-inkscape/Q_2_iii_ou_svg-tex.pdf, id=282, page=6, 451.6875pt x 361.35pt>
File: ./svg-inkscape/Q_2_iii_ou_svg-tex.pdf Graphic file (type pdf)
<use ./svg-inkscape/Q_2_iii_ou_svg-tex.pdf, page 6>
Package pdftex.def Info: ./svg-inkscape/Q_2_iii_ou_svg-tex.pdf , page6 used on 
input line 66.
(pdftex.def)             Requested size: 469.75502pt x 375.82822pt.
<./svg-inkscape/Q_2_iii_ou_svg-tex.pdf, id=283, page=7, 451.6875pt x 361.35pt>
File: ./svg-inkscape/Q_2_iii_ou_svg-tex.pdf Graphic file (type pdf)
<use ./svg-inkscape/Q_2_iii_ou_svg-tex.pdf, page 7>
Package pdftex.def Info: ./svg-inkscape/Q_2_iii_ou_svg-tex.pdf , page7 used on 
input line 68.
(pdftex.def)             Requested size: 469.75502pt x 375.82822pt.
<./svg-inkscape/Q_2_iii_ou_svg-tex.pdf, id=284, page=8, 451.6875pt x 361.35pt>
File: ./svg-inkscape/Q_2_iii_ou_svg-tex.pdf Graphic file (type pdf)
<use ./svg-inkscape/Q_2_iii_ou_svg-tex.pdf, page 8>
Package pdftex.def Info: ./svg-inkscape/Q_2_iii_ou_svg-tex.pdf , page8 used on 
input line 70.
(pdftex.def)             Requested size: 469.75502pt x 375.82822pt.
<./svg-inkscape/Q_2_iii_ou_svg-tex.pdf, id=285, page=9, 451.6875pt x 361.35pt>
File: ./svg-inkscape/Q_2_iii_ou_svg-tex.pdf Graphic file (type pdf)
<use ./svg-inkscape/Q_2_iii_ou_svg-tex.pdf, page 9>
Package pdftex.def Info: ./svg-inkscape/Q_2_iii_ou_svg-tex.pdf , page9 used on 
input line 72.
(pdftex.def)             Requested size: 469.75502pt x 375.82822pt.
<./svg-inkscape/Q_2_iii_ou_svg-tex.pdf, id=286, page=10, 451.6875pt x 361.35pt>

File: ./svg-inkscape/Q_2_iii_ou_svg-tex.pdf Graphic file (type pdf)
<use ./svg-inkscape/Q_2_iii_ou_svg-tex.pdf, page 10>
Package pdftex.def Info: ./svg-inkscape/Q_2_iii_ou_svg-tex.pdf , page10 used on
 input line 74.
(pdftex.def)             Requested size: 469.75502pt x 375.82822pt.
<./svg-inkscape/Q_2_iii_ou_svg-tex.pdf, id=287, page=11, 451.6875pt x 361.35pt>

File: ./svg-inkscape/Q_2_iii_ou_svg-tex.pdf Graphic file (type pdf)
<use ./svg-inkscape/Q_2_iii_ou_svg-tex.pdf, page 11>
Package pdftex.def Info: ./svg-inkscape/Q_2_iii_ou_svg-tex.pdf , page11 used on
 input line 76.
(pdftex.def)             Requested size: 469.75502pt x 375.82822pt.
<./svg-inkscape/Q_2_iii_ou_svg-tex.pdf, id=288, page=12, 451.6875pt x 361.35pt>

File: ./svg-inkscape/Q_2_iii_ou_svg-tex.pdf Graphic file (type pdf)
<use ./svg-inkscape/Q_2_iii_ou_svg-tex.pdf, page 12>
Package pdftex.def Info: ./svg-inkscape/Q_2_iii_ou_svg-tex.pdf , page12 used on
 input line 78.
(pdftex.def)             Requested size: 469.75502pt x 375.82822pt.
<./svg-inkscape/Q_2_iii_ou_svg-tex.pdf, id=289, page=13, 451.6875pt x 361.35pt>

File: ./svg-inkscape/Q_2_iii_ou_svg-tex.pdf Graphic file (type pdf)
<use ./svg-inkscape/Q_2_iii_ou_svg-tex.pdf, page 13>
Package pdftex.def Info: ./svg-inkscape/Q_2_iii_ou_svg-tex.pdf , page13 used on
 input line 80.
(pdftex.def)             Requested size: 469.75502pt x 375.82822pt.
<./svg-inkscape/Q_2_iii_ou_svg-tex.pdf, id=290, page=14, 451.6875pt x 361.35pt>

File: ./svg-inkscape/Q_2_iii_ou_svg-tex.pdf Graphic file (type pdf)
<use ./svg-inkscape/Q_2_iii_ou_svg-tex.pdf, page 14>
Package pdftex.def Info: ./svg-inkscape/Q_2_iii_ou_svg-tex.pdf , page14 used on
 input line 82.
(pdftex.def)             Requested size: 469.75502pt x 375.82822pt.
<./svg-inkscape/Q_2_iii_ou_svg-tex.pdf, id=291, page=15, 451.6875pt x 361.35pt>

File: ./svg-inkscape/Q_2_iii_ou_svg-tex.pdf Graphic file (type pdf)
<use ./svg-inkscape/Q_2_iii_ou_svg-tex.pdf, page 15>
Package pdftex.def Info: ./svg-inkscape/Q_2_iii_ou_svg-tex.pdf , page15 used on
 input line 84.
(pdftex.def)             Requested size: 469.75502pt x 375.82822pt.
<./svg-inkscape/Q_2_iii_ou_svg-tex.pdf, id=292, page=16, 451.6875pt x 361.35pt>

File: ./svg-inkscape/Q_2_iii_ou_svg-tex.pdf Graphic file (type pdf)
<use ./svg-inkscape/Q_2_iii_ou_svg-tex.pdf, page 16>
Package pdftex.def Info: ./svg-inkscape/Q_2_iii_ou_svg-tex.pdf , page16 used on
 input line 86.
(pdftex.def)             Requested size: 469.75502pt x 375.82822pt.
<./svg-inkscape/Q_2_iii_ou_svg-tex.pdf, id=293, page=17, 451.6875pt x 361.35pt>

File: ./svg-inkscape/Q_2_iii_ou_svg-tex.pdf Graphic file (type pdf)
<use ./svg-inkscape/Q_2_iii_ou_svg-tex.pdf, page 17>
Package pdftex.def Info: ./svg-inkscape/Q_2_iii_ou_svg-tex.pdf , page17 used on
 input line 88.
(pdftex.def)             Requested size: 469.75502pt x 375.82822pt.
<./svg-inkscape/Q_2_iii_ou_svg-tex.pdf, id=294, page=18, 451.6875pt x 361.35pt>

File: ./svg-inkscape/Q_2_iii_ou_svg-tex.pdf Graphic file (type pdf)
<use ./svg-inkscape/Q_2_iii_ou_svg-tex.pdf, page 18>
Package pdftex.def Info: ./svg-inkscape/Q_2_iii_ou_svg-tex.pdf , page18 used on
 input line 90.
(pdftex.def)             Requested size: 469.75502pt x 375.82822pt.
<./svg-inkscape/Q_2_iii_ou_svg-tex.pdf, id=295, page=19, 451.6875pt x 361.35pt>

File: ./svg-inkscape/Q_2_iii_ou_svg-tex.pdf Graphic file (type pdf)
<use ./svg-inkscape/Q_2_iii_ou_svg-tex.pdf, page 19>
Package pdftex.def Info: ./svg-inkscape/Q_2_iii_ou_svg-tex.pdf , page19 used on
 input line 92.
(pdftex.def)             Requested size: 469.75502pt x 375.82822pt.
<./svg-inkscape/Q_2_iii_ou_svg-tex.pdf, id=296, page=20, 451.6875pt x 361.35pt>

File: ./svg-inkscape/Q_2_iii_ou_svg-tex.pdf Graphic file (type pdf)
<use ./svg-inkscape/Q_2_iii_ou_svg-tex.pdf, page 20>
Package pdftex.def Info: ./svg-inkscape/Q_2_iii_ou_svg-tex.pdf , page20 used on
 input line 94.
(pdftex.def)             Requested size: 469.75502pt x 375.82822pt.
<./svg-inkscape/Q_2_iii_ou_svg-tex.pdf, id=297, page=21, 451.6875pt x 361.35pt>

File: ./svg-inkscape/Q_2_iii_ou_svg-tex.pdf Graphic file (type pdf)
<use ./svg-inkscape/Q_2_iii_ou_svg-tex.pdf, page 21>
Package pdftex.def Info: ./svg-inkscape/Q_2_iii_ou_svg-tex.pdf , page21 used on
 input line 96.
(pdftex.def)             Requested size: 469.75502pt x 375.82822pt.
<./svg-inkscape/Q_2_iii_ou_svg-tex.pdf, id=298, page=22, 451.6875pt x 361.35pt>

File: ./svg-inkscape/Q_2_iii_ou_svg-tex.pdf Graphic file (type pdf)
<use ./svg-inkscape/Q_2_iii_ou_svg-tex.pdf, page 22>
Package pdftex.def Info: ./svg-inkscape/Q_2_iii_ou_svg-tex.pdf , page22 used on
 input line 98.
(pdftex.def)             Requested size: 469.75502pt x 375.82822pt.
<./svg-inkscape/Q_2_iii_ou_svg-tex.pdf, id=299, page=23, 451.6875pt x 361.35pt>

File: ./svg-inkscape/Q_2_iii_ou_svg-tex.pdf Graphic file (type pdf)
<use ./svg-inkscape/Q_2_iii_ou_svg-tex.pdf, page 23>
Package pdftex.def Info: ./svg-inkscape/Q_2_iii_ou_svg-tex.pdf , page23 used on
 input line 100.
(pdftex.def)             Requested size: 469.75502pt x 375.82822pt.
)
Underfull \vbox (badness 10000) has occurred while \output is active []

 [18]
(../../Lab-files/GP-Files/2/Fit-log/fit_iii.log) [19 <./svg-inkscape/Q_2_iii_ou
_svg-tex.pdf> <./svg-inkscape/Q_2_iii_ou_svg-tex.pdf

pdfTeX warning: pdflatex (file ./svg-inkscape/Q_2_iii_ou_svg-tex.pdf): PDF incl
usion: multiple pdfs with page group included in a single page
> <./svg-inkscape/Q_2_iii_ou_svg-tex.pdf

pdfTeX warning: pdflatex (file ./svg-inkscape/Q_2_iii_ou_svg-tex.pdf): PDF incl
usion: multiple pdfs with page group included in a single page
> <./svg-inkscape/Q_2_iii_ou_svg-tex.pdf

pdfTeX warning: pdflatex (file ./svg-inkscape/Q_2_iii_ou_svg-tex.pdf): PDF incl
usion: multiple pdfs with page group included in a single page
> <./svg-inkscape/Q_2_iii_ou_svg-tex.pdf

pdfTeX warning: pdflatex (file ./svg-inkscape/Q_2_iii_ou_svg-tex.pdf): PDF incl
usion: multiple pdfs with page group included in a single page
> <./svg-inkscape/Q_2_iii_ou_svg-tex.pdf

pdfTeX warning: pdflatex (file ./svg-inkscape/Q_2_iii_ou_svg-tex.pdf): PDF incl
usion: multiple pdfs with page group included in a single page
> <./svg-inkscape/Q_2_iii_ou_svg-tex.pdf

pdfTeX warning: pdflatex (file ./svg-inkscape/Q_2_iii_ou_svg-tex.pdf): PDF incl
usion: multiple pdfs with page group included in a single page
> <./svg-inkscape/Q_2_iii_ou_svg-tex.pdf

pdfTeX warning: pdflatex (file ./svg-inkscape/Q_2_iii_ou_svg-tex.pdf): PDF incl
usion: multiple pdfs with page group included in a single page
> <./svg-inkscape/Q_2_iii_ou_svg-tex.pdf

pdfTeX warning: pdflatex (file ./svg-inkscape/Q_2_iii_ou_svg-tex.pdf): PDF incl
usion: multiple pdfs with page group included in a single page
> <./svg-inkscape/Q_2_iii_ou_svg-tex.pdf

pdfTeX warning: pdflatex (file ./svg-inkscape/Q_2_iii_ou_svg-tex.pdf): PDF incl
usion: multiple pdfs with page group included in a single page
> <./svg-inkscape/Q_2_iii_ou_svg-tex.pdf

pdfTeX warning: pdflatex (file ./svg-inkscape/Q_2_iii_ou_svg-tex.pdf): PDF incl
usion: multiple pdfs with page group included in a single page
> <./svg-inkscape/Q_2_iii_ou_svg-tex.pdf

pdfTeX warning: pdflatex (file ./svg-inkscape/Q_2_iii_ou_svg-tex.pdf): PDF incl
usion: multiple pdfs with page group included in a single page
> <./svg-inkscape/Q_2_iii_ou_svg-tex.pdf

pdfTeX warning: pdflatex (file ./svg-inkscape/Q_2_iii_ou_svg-tex.pdf): PDF incl
usion: multiple pdfs with page group included in a single page
> <./svg-inkscape/Q_2_iii_ou_svg-tex.pdf

pdfTeX warning: pdflatex (file ./svg-inkscape/Q_2_iii_ou_svg-tex.pdf): PDF incl
usion: multiple pdfs with page group included in a single page
> <./svg-inkscape/Q_2_iii_ou_svg-tex.pdf

pdfTeX warning: pdflatex (file ./svg-inkscape/Q_2_iii_ou_svg-tex.pdf): PDF incl
usion: multiple pdfs with page group included in a single page
> <./svg-inkscape/Q_2_iii_ou_svg-tex.pdf

pdfTeX warning: pdflatex (file ./svg-inkscape/Q_2_iii_ou_svg-tex.pdf): PDF incl
usion: multiple pdfs with page group included in a single page
> <./svg-inkscape/Q_2_iii_ou_svg-tex.pdf

pdfTeX warning: pdflatex (file ./svg-inkscape/Q_2_iii_ou_svg-tex.pdf): PDF incl
usion: multiple pdfs with page group included in a single page
> <./svg-inkscape/Q_2_iii_ou_svg-tex.pdf

pdfTeX warning: pdflatex (file ./svg-inkscape/Q_2_iii_ou_svg-tex.pdf): PDF incl
usion: multiple pdfs with page group included in a single page
> <./svg-inkscape/Q_2_iii_ou_svg-tex.pdf

pdfTeX warning: pdflatex (file ./svg-inkscape/Q_2_iii_ou_svg-tex.pdf): PDF incl
usion: multiple pdfs with page group included in a single page
> <./svg-inkscape/Q_2_iii_ou_svg-tex.pdf

pdfTeX warning: pdflatex (file ./svg-inkscape/Q_2_iii_ou_svg-tex.pdf): PDF incl
usion: multiple pdfs with page group included in a single page
> <./svg-inkscape/Q_2_iii_ou_svg-tex.pdf

pdfTeX warning: pdflatex (file ./svg-inkscape/Q_2_iii_ou_svg-tex.pdf): PDF incl
usion: multiple pdfs with page group included in a single page
> <./svg-inkscape/Q_2_iii_ou_svg-tex.pdf

pdfTeX warning: pdflatex (file ./svg-inkscape/Q_2_iii_ou_svg-tex.pdf): PDF incl
usion: multiple pdfs with page group included in a single page
> <./svg-inkscape/Q_2_iii_ou_svg-tex.pdf

pdfTeX warning: pdflatex (file ./svg-inkscape/Q_2_iii_ou_svg-tex.pdf): PDF incl
usion: multiple pdfs with page group included in a single page
>] (../../Lab-files/Data/2/Q_iv.txt)
(../../Lab-files/GP-Files/2/GNU-Plot-files/Q_2_iv.gp)
Package svg Info: Last page of `./svg-inkscape/Q_2_iv_ou_svg-tex.pdf' is 17 on 
input line 277.

(./svg-inkscape/Q_2_iv_ou_svg-tex.pdf_tex
<./svg-inkscape/Q_2_iv_ou_svg-tex.pdf, id=310, page=1, 451.6875pt x 361.35pt>
File: ./svg-inkscape/Q_2_iv_ou_svg-tex.pdf Graphic file (type pdf)
<use ./svg-inkscape/Q_2_iv_ou_svg-tex.pdf, page 1>
Package pdftex.def Info: ./svg-inkscape/Q_2_iv_ou_svg-tex.pdf , page1 used on i
nput line 56.
(pdftex.def)             Requested size: 469.75502pt x 375.82822pt.
<./svg-inkscape/Q_2_iv_ou_svg-tex.pdf, id=311, page=2, 451.6875pt x 361.35pt>
File: ./svg-inkscape/Q_2_iv_ou_svg-tex.pdf Graphic file (type pdf)
<use ./svg-inkscape/Q_2_iv_ou_svg-tex.pdf, page 2>
Package pdftex.def Info: ./svg-inkscape/Q_2_iv_ou_svg-tex.pdf , page2 used on i
nput line 58.
(pdftex.def)             Requested size: 469.75502pt x 375.82822pt.
<./svg-inkscape/Q_2_iv_ou_svg-tex.pdf, id=312, page=3, 451.6875pt x 361.35pt>
File: ./svg-inkscape/Q_2_iv_ou_svg-tex.pdf Graphic file (type pdf)
<use ./svg-inkscape/Q_2_iv_ou_svg-tex.pdf, page 3>
Package pdftex.def Info: ./svg-inkscape/Q_2_iv_ou_svg-tex.pdf , page3 used on i
nput line 60.
(pdftex.def)             Requested size: 469.75502pt x 375.82822pt.
<./svg-inkscape/Q_2_iv_ou_svg-tex.pdf, id=313, page=4, 451.6875pt x 361.35pt>
File: ./svg-inkscape/Q_2_iv_ou_svg-tex.pdf Graphic file (type pdf)
<use ./svg-inkscape/Q_2_iv_ou_svg-tex.pdf, page 4>
Package pdftex.def Info: ./svg-inkscape/Q_2_iv_ou_svg-tex.pdf , page4 used on i
nput line 62.
(pdftex.def)             Requested size: 469.75502pt x 375.82822pt.
<./svg-inkscape/Q_2_iv_ou_svg-tex.pdf, id=314, page=5, 451.6875pt x 361.35pt>
File: ./svg-inkscape/Q_2_iv_ou_svg-tex.pdf Graphic file (type pdf)
<use ./svg-inkscape/Q_2_iv_ou_svg-tex.pdf, page 5>
Package pdftex.def Info: ./svg-inkscape/Q_2_iv_ou_svg-tex.pdf , page5 used on i
nput line 64.
(pdftex.def)             Requested size: 469.75502pt x 375.82822pt.
<./svg-inkscape/Q_2_iv_ou_svg-tex.pdf, id=315, page=6, 451.6875pt x 361.35pt>
File: ./svg-inkscape/Q_2_iv_ou_svg-tex.pdf Graphic file (type pdf)
<use ./svg-inkscape/Q_2_iv_ou_svg-tex.pdf, page 6>
Package pdftex.def Info: ./svg-inkscape/Q_2_iv_ou_svg-tex.pdf , page6 used on i
nput line 66.
(pdftex.def)             Requested size: 469.75502pt x 375.82822pt.
<./svg-inkscape/Q_2_iv_ou_svg-tex.pdf, id=316, page=7, 451.6875pt x 361.35pt>
File: ./svg-inkscape/Q_2_iv_ou_svg-tex.pdf Graphic file (type pdf)
<use ./svg-inkscape/Q_2_iv_ou_svg-tex.pdf, page 7>
Package pdftex.def Info: ./svg-inkscape/Q_2_iv_ou_svg-tex.pdf , page7 used on i
nput line 68.
(pdftex.def)             Requested size: 469.75502pt x 375.82822pt.
<./svg-inkscape/Q_2_iv_ou_svg-tex.pdf, id=317, page=8, 451.6875pt x 361.35pt>
File: ./svg-inkscape/Q_2_iv_ou_svg-tex.pdf Graphic file (type pdf)
<use ./svg-inkscape/Q_2_iv_ou_svg-tex.pdf, page 8>
Package pdftex.def Info: ./svg-inkscape/Q_2_iv_ou_svg-tex.pdf , page8 used on i
nput line 70.
(pdftex.def)             Requested size: 469.75502pt x 375.82822pt.
<./svg-inkscape/Q_2_iv_ou_svg-tex.pdf, id=318, page=9, 451.6875pt x 361.35pt>
File: ./svg-inkscape/Q_2_iv_ou_svg-tex.pdf Graphic file (type pdf)
<use ./svg-inkscape/Q_2_iv_ou_svg-tex.pdf, page 9>
Package pdftex.def Info: ./svg-inkscape/Q_2_iv_ou_svg-tex.pdf , page9 used on i
nput line 72.
(pdftex.def)             Requested size: 469.75502pt x 375.82822pt.
<./svg-inkscape/Q_2_iv_ou_svg-tex.pdf, id=319, page=10, 451.6875pt x 361.35pt>
File: ./svg-inkscape/Q_2_iv_ou_svg-tex.pdf Graphic file (type pdf)
<use ./svg-inkscape/Q_2_iv_ou_svg-tex.pdf, page 10>
Package pdftex.def Info: ./svg-inkscape/Q_2_iv_ou_svg-tex.pdf , page10 used on 
input line 74.
(pdftex.def)             Requested size: 469.75502pt x 375.82822pt.
<./svg-inkscape/Q_2_iv_ou_svg-tex.pdf, id=320, page=11, 451.6875pt x 361.35pt>
File: ./svg-inkscape/Q_2_iv_ou_svg-tex.pdf Graphic file (type pdf)
<use ./svg-inkscape/Q_2_iv_ou_svg-tex.pdf, page 11>
Package pdftex.def Info: ./svg-inkscape/Q_2_iv_ou_svg-tex.pdf , page11 used on 
input line 76.
(pdftex.def)             Requested size: 469.75502pt x 375.82822pt.
<./svg-inkscape/Q_2_iv_ou_svg-tex.pdf, id=321, page=12, 451.6875pt x 361.35pt>
File: ./svg-inkscape/Q_2_iv_ou_svg-tex.pdf Graphic file (type pdf)
<use ./svg-inkscape/Q_2_iv_ou_svg-tex.pdf, page 12>
Package pdftex.def Info: ./svg-inkscape/Q_2_iv_ou_svg-tex.pdf , page12 used on 
input line 78.
(pdftex.def)             Requested size: 469.75502pt x 375.82822pt.
<./svg-inkscape/Q_2_iv_ou_svg-tex.pdf, id=322, page=13, 451.6875pt x 361.35pt>
File: ./svg-inkscape/Q_2_iv_ou_svg-tex.pdf Graphic file (type pdf)
<use ./svg-inkscape/Q_2_iv_ou_svg-tex.pdf, page 13>
Package pdftex.def Info: ./svg-inkscape/Q_2_iv_ou_svg-tex.pdf , page13 used on 
input line 80.
(pdftex.def)             Requested size: 469.75502pt x 375.82822pt.
<./svg-inkscape/Q_2_iv_ou_svg-tex.pdf, id=323, page=14, 451.6875pt x 361.35pt>
File: ./svg-inkscape/Q_2_iv_ou_svg-tex.pdf Graphic file (type pdf)
<use ./svg-inkscape/Q_2_iv_ou_svg-tex.pdf, page 14>
Package pdftex.def Info: ./svg-inkscape/Q_2_iv_ou_svg-tex.pdf , page14 used on 
input line 82.
(pdftex.def)             Requested size: 469.75502pt x 375.82822pt.
<./svg-inkscape/Q_2_iv_ou_svg-tex.pdf, id=324, page=15, 451.6875pt x 361.35pt>
File: ./svg-inkscape/Q_2_iv_ou_svg-tex.pdf Graphic file (type pdf)
<use ./svg-inkscape/Q_2_iv_ou_svg-tex.pdf, page 15>
Package pdftex.def Info: ./svg-inkscape/Q_2_iv_ou_svg-tex.pdf , page15 used on 
input line 84.
(pdftex.def)             Requested size: 469.75502pt x 375.82822pt.
<./svg-inkscape/Q_2_iv_ou_svg-tex.pdf, id=325, page=16, 451.6875pt x 361.35pt>
File: ./svg-inkscape/Q_2_iv_ou_svg-tex.pdf Graphic file (type pdf)
<use ./svg-inkscape/Q_2_iv_ou_svg-tex.pdf, page 16>
Package pdftex.def Info: ./svg-inkscape/Q_2_iv_ou_svg-tex.pdf , page16 used on 
input line 86.
(pdftex.def)             Requested size: 469.75502pt x 375.82822pt.
<./svg-inkscape/Q_2_iv_ou_svg-tex.pdf, id=326, page=17, 451.6875pt x 361.35pt>
File: ./svg-inkscape/Q_2_iv_ou_svg-tex.pdf Graphic file (type pdf)
<use ./svg-inkscape/Q_2_iv_ou_svg-tex.pdf, page 17>
Package pdftex.def Info: ./svg-inkscape/Q_2_iv_ou_svg-tex.pdf , page17 used on 
input line 88.
(pdftex.def)             Requested size: 469.75502pt x 375.82822pt.
)
Underfull \vbox (badness 10000) has occurred while \output is active []

 [20]
(../../Lab-files/GP-Files/2/Fit-log/fit_iv.log) [21 <./svg-inkscape/Q_2_iv_ou_s
vg-tex.pdf> <./svg-inkscape/Q_2_iv_ou_svg-tex.pdf

pdfTeX warning: pdflatex (file ./svg-inkscape/Q_2_iv_ou_svg-tex.pdf): PDF inclu
sion: multiple pdfs with page group included in a single page
> <./svg-inkscape/Q_2_iv_ou_svg-tex.pdf

pdfTeX warning: pdflatex (file ./svg-inkscape/Q_2_iv_ou_svg-tex.pdf): PDF inclu
sion: multiple pdfs with page group included in a single page
> <./svg-inkscape/Q_2_iv_ou_svg-tex.pdf

pdfTeX warning: pdflatex (file ./svg-inkscape/Q_2_iv_ou_svg-tex.pdf): PDF inclu
sion: multiple pdfs with page group included in a single page
> <./svg-inkscape/Q_2_iv_ou_svg-tex.pdf

pdfTeX warning: pdflatex (file ./svg-inkscape/Q_2_iv_ou_svg-tex.pdf): PDF inclu
sion: multiple pdfs with page group included in a single page
> <./svg-inkscape/Q_2_iv_ou_svg-tex.pdf

pdfTeX warning: pdflatex (file ./svg-inkscape/Q_2_iv_ou_svg-tex.pdf): PDF inclu
sion: multiple pdfs with page group included in a single page
> <./svg-inkscape/Q_2_iv_ou_svg-tex.pdf

pdfTeX warning: pdflatex (file ./svg-inkscape/Q_2_iv_ou_svg-tex.pdf): PDF inclu
sion: multiple pdfs with page group included in a single page
> <./svg-inkscape/Q_2_iv_ou_svg-tex.pdf

pdfTeX warning: pdflatex (file ./svg-inkscape/Q_2_iv_ou_svg-tex.pdf): PDF inclu
sion: multiple pdfs with page group included in a single page
> <./svg-inkscape/Q_2_iv_ou_svg-tex.pdf

pdfTeX warning: pdflatex (file ./svg-inkscape/Q_2_iv_ou_svg-tex.pdf): PDF inclu
sion: multiple pdfs with page group included in a single page
> <./svg-inkscape/Q_2_iv_ou_svg-tex.pdf

pdfTeX warning: pdflatex (file ./svg-inkscape/Q_2_iv_ou_svg-tex.pdf): PDF inclu
sion: multiple pdfs with page group included in a single page
> <./svg-inkscape/Q_2_iv_ou_svg-tex.pdf

pdfTeX warning: pdflatex (file ./svg-inkscape/Q_2_iv_ou_svg-tex.pdf): PDF inclu
sion: multiple pdfs with page group included in a single page
> <./svg-inkscape/Q_2_iv_ou_svg-tex.pdf

pdfTeX warning: pdflatex (file ./svg-inkscape/Q_2_iv_ou_svg-tex.pdf): PDF inclu
sion: multiple pdfs with page group included in a single page
> <./svg-inkscape/Q_2_iv_ou_svg-tex.pdf

pdfTeX warning: pdflatex (file ./svg-inkscape/Q_2_iv_ou_svg-tex.pdf): PDF inclu
sion: multiple pdfs with page group included in a single page
> <./svg-inkscape/Q_2_iv_ou_svg-tex.pdf

pdfTeX warning: pdflatex (file ./svg-inkscape/Q_2_iv_ou_svg-tex.pdf): PDF inclu
sion: multiple pdfs with page group included in a single page
> <./svg-inkscape/Q_2_iv_ou_svg-tex.pdf

pdfTeX warning: pdflatex (file ./svg-inkscape/Q_2_iv_ou_svg-tex.pdf): PDF inclu
sion: multiple pdfs with page group included in a single page
> <./svg-inkscape/Q_2_iv_ou_svg-tex.pdf

pdfTeX warning: pdflatex (file ./svg-inkscape/Q_2_iv_ou_svg-tex.pdf): PDF inclu
sion: multiple pdfs with page group included in a single page
> <./svg-inkscape/Q_2_iv_ou_svg-tex.pdf

pdfTeX warning: pdflatex (file ./svg-inkscape/Q_2_iv_ou_svg-tex.pdf): PDF inclu
sion: multiple pdfs with page group included in a single page
>] (../../Lab-files/Data/2/Q_v.txt)
(../../Lab-files/GP-Files/2/GNU-Plot-files/Q_2_v.gp)
Package svg Info: Last page of `./svg-inkscape/Q_2_v_ou_svg-tex.pdf' is 18 on i
nput line 306.

(./svg-inkscape/Q_2_v_ou_svg-tex.pdf_tex
<./svg-inkscape/Q_2_v_ou_svg-tex.pdf, id=336, page=1, 451.6875pt x 361.35pt>
File: ./svg-inkscape/Q_2_v_ou_svg-tex.pdf Graphic file (type pdf)
<use ./svg-inkscape/Q_2_v_ou_svg-tex.pdf, page 1>
Package pdftex.def Info: ./svg-inkscape/Q_2_v_ou_svg-tex.pdf , page1 used on in
put line 56.
(pdftex.def)             Requested size: 469.75502pt x 375.82822pt.
<./svg-inkscape/Q_2_v_ou_svg-tex.pdf, id=337, page=2, 451.6875pt x 361.35pt>
File: ./svg-inkscape/Q_2_v_ou_svg-tex.pdf Graphic file (type pdf)
<use ./svg-inkscape/Q_2_v_ou_svg-tex.pdf, page 2>
Package pdftex.def Info: ./svg-inkscape/Q_2_v_ou_svg-tex.pdf , page2 used on in
put line 58.
(pdftex.def)             Requested size: 469.75502pt x 375.82822pt.
<./svg-inkscape/Q_2_v_ou_svg-tex.pdf, id=338, page=3, 451.6875pt x 361.35pt>
File: ./svg-inkscape/Q_2_v_ou_svg-tex.pdf Graphic file (type pdf)
<use ./svg-inkscape/Q_2_v_ou_svg-tex.pdf, page 3>
Package pdftex.def Info: ./svg-inkscape/Q_2_v_ou_svg-tex.pdf , page3 used on in
put line 60.
(pdftex.def)             Requested size: 469.75502pt x 375.82822pt.
<./svg-inkscape/Q_2_v_ou_svg-tex.pdf, id=339, page=4, 451.6875pt x 361.35pt>
File: ./svg-inkscape/Q_2_v_ou_svg-tex.pdf Graphic file (type pdf)
<use ./svg-inkscape/Q_2_v_ou_svg-tex.pdf, page 4>
Package pdftex.def Info: ./svg-inkscape/Q_2_v_ou_svg-tex.pdf , page4 used on in
put line 62.
(pdftex.def)             Requested size: 469.75502pt x 375.82822pt.
<./svg-inkscape/Q_2_v_ou_svg-tex.pdf, id=340, page=5, 451.6875pt x 361.35pt>
File: ./svg-inkscape/Q_2_v_ou_svg-tex.pdf Graphic file (type pdf)
<use ./svg-inkscape/Q_2_v_ou_svg-tex.pdf, page 5>
Package pdftex.def Info: ./svg-inkscape/Q_2_v_ou_svg-tex.pdf , page5 used on in
put line 64.
(pdftex.def)             Requested size: 469.75502pt x 375.82822pt.
<./svg-inkscape/Q_2_v_ou_svg-tex.pdf, id=341, page=6, 451.6875pt x 361.35pt>
File: ./svg-inkscape/Q_2_v_ou_svg-tex.pdf Graphic file (type pdf)
<use ./svg-inkscape/Q_2_v_ou_svg-tex.pdf, page 6>
Package pdftex.def Info: ./svg-inkscape/Q_2_v_ou_svg-tex.pdf , page6 used on in
put line 66.
(pdftex.def)             Requested size: 469.75502pt x 375.82822pt.
<./svg-inkscape/Q_2_v_ou_svg-tex.pdf, id=342, page=7, 451.6875pt x 361.35pt>
File: ./svg-inkscape/Q_2_v_ou_svg-tex.pdf Graphic file (type pdf)
<use ./svg-inkscape/Q_2_v_ou_svg-tex.pdf, page 7>
Package pdftex.def Info: ./svg-inkscape/Q_2_v_ou_svg-tex.pdf , page7 used on in
put line 68.
(pdftex.def)             Requested size: 469.75502pt x 375.82822pt.
<./svg-inkscape/Q_2_v_ou_svg-tex.pdf, id=343, page=8, 451.6875pt x 361.35pt>
File: ./svg-inkscape/Q_2_v_ou_svg-tex.pdf Graphic file (type pdf)
<use ./svg-inkscape/Q_2_v_ou_svg-tex.pdf, page 8>
Package pdftex.def Info: ./svg-inkscape/Q_2_v_ou_svg-tex.pdf , page8 used on in
put line 70.
(pdftex.def)             Requested size: 469.75502pt x 375.82822pt.
<./svg-inkscape/Q_2_v_ou_svg-tex.pdf, id=344, page=9, 451.6875pt x 361.35pt>
File: ./svg-inkscape/Q_2_v_ou_svg-tex.pdf Graphic file (type pdf)
<use ./svg-inkscape/Q_2_v_ou_svg-tex.pdf, page 9>
Package pdftex.def Info: ./svg-inkscape/Q_2_v_ou_svg-tex.pdf , page9 used on in
put line 72.
(pdftex.def)             Requested size: 469.75502pt x 375.82822pt.
<./svg-inkscape/Q_2_v_ou_svg-tex.pdf, id=345, page=10, 451.6875pt x 361.35pt>
File: ./svg-inkscape/Q_2_v_ou_svg-tex.pdf Graphic file (type pdf)
<use ./svg-inkscape/Q_2_v_ou_svg-tex.pdf, page 10>
Package pdftex.def Info: ./svg-inkscape/Q_2_v_ou_svg-tex.pdf , page10 used on i
nput line 74.
(pdftex.def)             Requested size: 469.75502pt x 375.82822pt.
<./svg-inkscape/Q_2_v_ou_svg-tex.pdf, id=346, page=11, 451.6875pt x 361.35pt>
File: ./svg-inkscape/Q_2_v_ou_svg-tex.pdf Graphic file (type pdf)
<use ./svg-inkscape/Q_2_v_ou_svg-tex.pdf, page 11>
Package pdftex.def Info: ./svg-inkscape/Q_2_v_ou_svg-tex.pdf , page11 used on i
nput line 76.
(pdftex.def)             Requested size: 469.75502pt x 375.82822pt.
<./svg-inkscape/Q_2_v_ou_svg-tex.pdf, id=347, page=12, 451.6875pt x 361.35pt>
File: ./svg-inkscape/Q_2_v_ou_svg-tex.pdf Graphic file (type pdf)
<use ./svg-inkscape/Q_2_v_ou_svg-tex.pdf, page 12>
Package pdftex.def Info: ./svg-inkscape/Q_2_v_ou_svg-tex.pdf , page12 used on i
nput line 78.
(pdftex.def)             Requested size: 469.75502pt x 375.82822pt.
<./svg-inkscape/Q_2_v_ou_svg-tex.pdf, id=348, page=13, 451.6875pt x 361.35pt>
File: ./svg-inkscape/Q_2_v_ou_svg-tex.pdf Graphic file (type pdf)
<use ./svg-inkscape/Q_2_v_ou_svg-tex.pdf, page 13>
Package pdftex.def Info: ./svg-inkscape/Q_2_v_ou_svg-tex.pdf , page13 used on i
nput line 80.
(pdftex.def)             Requested size: 469.75502pt x 375.82822pt.
<./svg-inkscape/Q_2_v_ou_svg-tex.pdf, id=349, page=14, 451.6875pt x 361.35pt>
File: ./svg-inkscape/Q_2_v_ou_svg-tex.pdf Graphic file (type pdf)
<use ./svg-inkscape/Q_2_v_ou_svg-tex.pdf, page 14>
Package pdftex.def Info: ./svg-inkscape/Q_2_v_ou_svg-tex.pdf , page14 used on i
nput line 82.
(pdftex.def)             Requested size: 469.75502pt x 375.82822pt.
<./svg-inkscape/Q_2_v_ou_svg-tex.pdf, id=350, page=15, 451.6875pt x 361.35pt>
File: ./svg-inkscape/Q_2_v_ou_svg-tex.pdf Graphic file (type pdf)
<use ./svg-inkscape/Q_2_v_ou_svg-tex.pdf, page 15>
Package pdftex.def Info: ./svg-inkscape/Q_2_v_ou_svg-tex.pdf , page15 used on i
nput line 84.
(pdftex.def)             Requested size: 469.75502pt x 375.82822pt.
<./svg-inkscape/Q_2_v_ou_svg-tex.pdf, id=351, page=16, 451.6875pt x 361.35pt>
File: ./svg-inkscape/Q_2_v_ou_svg-tex.pdf Graphic file (type pdf)
<use ./svg-inkscape/Q_2_v_ou_svg-tex.pdf, page 16>
Package pdftex.def Info: ./svg-inkscape/Q_2_v_ou_svg-tex.pdf , page16 used on i
nput line 86.
(pdftex.def)             Requested size: 469.75502pt x 375.82822pt.
<./svg-inkscape/Q_2_v_ou_svg-tex.pdf, id=352, page=17, 451.6875pt x 361.35pt>
File: ./svg-inkscape/Q_2_v_ou_svg-tex.pdf Graphic file (type pdf)
<use ./svg-inkscape/Q_2_v_ou_svg-tex.pdf, page 17>
Package pdftex.def Info: ./svg-inkscape/Q_2_v_ou_svg-tex.pdf , page17 used on i
nput line 88.
(pdftex.def)             Requested size: 469.75502pt x 375.82822pt.
<./svg-inkscape/Q_2_v_ou_svg-tex.pdf, id=353, page=18, 451.6875pt x 361.35pt>
File: ./svg-inkscape/Q_2_v_ou_svg-tex.pdf Graphic file (type pdf)
<use ./svg-inkscape/Q_2_v_ou_svg-tex.pdf, page 18>
Package pdftex.def Info: ./svg-inkscape/Q_2_v_ou_svg-tex.pdf , page18 used on i
nput line 90.
(pdftex.def)             Requested size: 469.75502pt x 375.82822pt.
)
Underfull \vbox (badness 10000) has occurred while \output is active []

 [22]
(../../Lab-files/GP-Files/2/Fit-log/fit_v.log) [23 <./svg-inkscape/Q_2_v_ou_svg
-tex.pdf> <./svg-inkscape/Q_2_v_ou_svg-tex.pdf

pdfTeX warning: pdflatex (file ./svg-inkscape/Q_2_v_ou_svg-tex.pdf): PDF inclus
ion: multiple pdfs with page group included in a single page
> <./svg-inkscape/Q_2_v_ou_svg-tex.pdf

pdfTeX warning: pdflatex (file ./svg-inkscape/Q_2_v_ou_svg-tex.pdf): PDF inclus
ion: multiple pdfs with page group included in a single page
> <./svg-inkscape/Q_2_v_ou_svg-tex.pdf

pdfTeX warning: pdflatex (file ./svg-inkscape/Q_2_v_ou_svg-tex.pdf): PDF inclus
ion: multiple pdfs with page group included in a single page
> <./svg-inkscape/Q_2_v_ou_svg-tex.pdf

pdfTeX warning: pdflatex (file ./svg-inkscape/Q_2_v_ou_svg-tex.pdf): PDF inclus
ion: multiple pdfs with page group included in a single page
> <./svg-inkscape/Q_2_v_ou_svg-tex.pdf

pdfTeX warning: pdflatex (file ./svg-inkscape/Q_2_v_ou_svg-tex.pdf): PDF inclus
ion: multiple pdfs with page group included in a single page
> <./svg-inkscape/Q_2_v_ou_svg-tex.pdf

pdfTeX warning: pdflatex (file ./svg-inkscape/Q_2_v_ou_svg-tex.pdf): PDF inclus
ion: multiple pdfs with page group included in a single page
> <./svg-inkscape/Q_2_v_ou_svg-tex.pdf

pdfTeX warning: pdflatex (file ./svg-inkscape/Q_2_v_ou_svg-tex.pdf): PDF inclus
ion: multiple pdfs with page group included in a single page
> <./svg-inkscape/Q_2_v_ou_svg-tex.pdf

pdfTeX warning: pdflatex (file ./svg-inkscape/Q_2_v_ou_svg-tex.pdf): PDF inclus
ion: multiple pdfs with page group included in a single page
> <./svg-inkscape/Q_2_v_ou_svg-tex.pdf

pdfTeX warning: pdflatex (file ./svg-inkscape/Q_2_v_ou_svg-tex.pdf): PDF inclus
ion: multiple pdfs with page group included in a single page
> <./svg-inkscape/Q_2_v_ou_svg-tex.pdf

pdfTeX warning: pdflatex (file ./svg-inkscape/Q_2_v_ou_svg-tex.pdf): PDF inclus
ion: multiple pdfs with page group included in a single page
> <./svg-inkscape/Q_2_v_ou_svg-tex.pdf

pdfTeX warning: pdflatex (file ./svg-inkscape/Q_2_v_ou_svg-tex.pdf): PDF inclus
ion: multiple pdfs with page group included in a single page
> <./svg-inkscape/Q_2_v_ou_svg-tex.pdf

pdfTeX warning: pdflatex (file ./svg-inkscape/Q_2_v_ou_svg-tex.pdf): PDF inclus
ion: multiple pdfs with page group included in a single page
> <./svg-inkscape/Q_2_v_ou_svg-tex.pdf

pdfTeX warning: pdflatex (file ./svg-inkscape/Q_2_v_ou_svg-tex.pdf): PDF inclus
ion: multiple pdfs with page group included in a single page
> <./svg-inkscape/Q_2_v_ou_svg-tex.pdf

pdfTeX warning: pdflatex (file ./svg-inkscape/Q_2_v_ou_svg-tex.pdf): PDF inclus
ion: multiple pdfs with page group included in a single page
> <./svg-inkscape/Q_2_v_ou_svg-tex.pdf

pdfTeX warning: pdflatex (file ./svg-inkscape/Q_2_v_ou_svg-tex.pdf): PDF inclus
ion: multiple pdfs with page group included in a single page
> <./svg-inkscape/Q_2_v_ou_svg-tex.pdf

pdfTeX warning: pdflatex (file ./svg-inkscape/Q_2_v_ou_svg-tex.pdf): PDF inclus
ion: multiple pdfs with page group included in a single page
> <./svg-inkscape/Q_2_v_ou_svg-tex.pdf

pdfTeX warning: pdflatex (file ./svg-inkscape/Q_2_v_ou_svg-tex.pdf): PDF inclus
ion: multiple pdfs with page group included in a single page
>] (../../Lab-files/Data/2/Q_vi.txt)
(../../Lab-files/GP-Files/2/GNU-Plot-files/Q_2_vi.gp)
Package svg Info: Last page of `./svg-inkscape/Q_2_vi_ou_svg-tex.pdf' is 20 on 
input line 335.

(./svg-inkscape/Q_2_vi_ou_svg-tex.pdf_tex
<./svg-inkscape/Q_2_vi_ou_svg-tex.pdf, id=364, page=1, 451.6875pt x 361.35pt>
File: ./svg-inkscape/Q_2_vi_ou_svg-tex.pdf Graphic file (type pdf)
<use ./svg-inkscape/Q_2_vi_ou_svg-tex.pdf, page 1>
Package pdftex.def Info: ./svg-inkscape/Q_2_vi_ou_svg-tex.pdf , page1 used on i
nput line 56.
(pdftex.def)             Requested size: 469.75502pt x 375.82822pt.
<./svg-inkscape/Q_2_vi_ou_svg-tex.pdf, id=365, page=2, 451.6875pt x 361.35pt>
File: ./svg-inkscape/Q_2_vi_ou_svg-tex.pdf Graphic file (type pdf)
<use ./svg-inkscape/Q_2_vi_ou_svg-tex.pdf, page 2>
Package pdftex.def Info: ./svg-inkscape/Q_2_vi_ou_svg-tex.pdf , page2 used on i
nput line 58.
(pdftex.def)             Requested size: 469.75502pt x 375.82822pt.
<./svg-inkscape/Q_2_vi_ou_svg-tex.pdf, id=366, page=3, 451.6875pt x 361.35pt>
File: ./svg-inkscape/Q_2_vi_ou_svg-tex.pdf Graphic file (type pdf)
<use ./svg-inkscape/Q_2_vi_ou_svg-tex.pdf, page 3>
Package pdftex.def Info: ./svg-inkscape/Q_2_vi_ou_svg-tex.pdf , page3 used on i
nput line 60.
(pdftex.def)             Requested size: 469.75502pt x 375.82822pt.
<./svg-inkscape/Q_2_vi_ou_svg-tex.pdf, id=367, page=4, 451.6875pt x 361.35pt>
File: ./svg-inkscape/Q_2_vi_ou_svg-tex.pdf Graphic file (type pdf)
<use ./svg-inkscape/Q_2_vi_ou_svg-tex.pdf, page 4>
Package pdftex.def Info: ./svg-inkscape/Q_2_vi_ou_svg-tex.pdf , page4 used on i
nput line 62.
(pdftex.def)             Requested size: 469.75502pt x 375.82822pt.
<./svg-inkscape/Q_2_vi_ou_svg-tex.pdf, id=368, page=5, 451.6875pt x 361.35pt>
File: ./svg-inkscape/Q_2_vi_ou_svg-tex.pdf Graphic file (type pdf)
<use ./svg-inkscape/Q_2_vi_ou_svg-tex.pdf, page 5>
Package pdftex.def Info: ./svg-inkscape/Q_2_vi_ou_svg-tex.pdf , page5 used on i
nput line 64.
(pdftex.def)             Requested size: 469.75502pt x 375.82822pt.
<./svg-inkscape/Q_2_vi_ou_svg-tex.pdf, id=369, page=6, 451.6875pt x 361.35pt>
File: ./svg-inkscape/Q_2_vi_ou_svg-tex.pdf Graphic file (type pdf)
<use ./svg-inkscape/Q_2_vi_ou_svg-tex.pdf, page 6>
Package pdftex.def Info: ./svg-inkscape/Q_2_vi_ou_svg-tex.pdf , page6 used on i
nput line 66.
(pdftex.def)             Requested size: 469.75502pt x 375.82822pt.
<./svg-inkscape/Q_2_vi_ou_svg-tex.pdf, id=370, page=7, 451.6875pt x 361.35pt>
File: ./svg-inkscape/Q_2_vi_ou_svg-tex.pdf Graphic file (type pdf)
<use ./svg-inkscape/Q_2_vi_ou_svg-tex.pdf, page 7>
Package pdftex.def Info: ./svg-inkscape/Q_2_vi_ou_svg-tex.pdf , page7 used on i
nput line 68.
(pdftex.def)             Requested size: 469.75502pt x 375.82822pt.
<./svg-inkscape/Q_2_vi_ou_svg-tex.pdf, id=371, page=8, 451.6875pt x 361.35pt>
File: ./svg-inkscape/Q_2_vi_ou_svg-tex.pdf Graphic file (type pdf)
<use ./svg-inkscape/Q_2_vi_ou_svg-tex.pdf, page 8>
Package pdftex.def Info: ./svg-inkscape/Q_2_vi_ou_svg-tex.pdf , page8 used on i
nput line 70.
(pdftex.def)             Requested size: 469.75502pt x 375.82822pt.
<./svg-inkscape/Q_2_vi_ou_svg-tex.pdf, id=372, page=9, 451.6875pt x 361.35pt>
File: ./svg-inkscape/Q_2_vi_ou_svg-tex.pdf Graphic file (type pdf)
<use ./svg-inkscape/Q_2_vi_ou_svg-tex.pdf, page 9>
Package pdftex.def Info: ./svg-inkscape/Q_2_vi_ou_svg-tex.pdf , page9 used on i
nput line 72.
(pdftex.def)             Requested size: 469.75502pt x 375.82822pt.
<./svg-inkscape/Q_2_vi_ou_svg-tex.pdf, id=373, page=10, 451.6875pt x 361.35pt>
File: ./svg-inkscape/Q_2_vi_ou_svg-tex.pdf Graphic file (type pdf)
<use ./svg-inkscape/Q_2_vi_ou_svg-tex.pdf, page 10>
Package pdftex.def Info: ./svg-inkscape/Q_2_vi_ou_svg-tex.pdf , page10 used on 
input line 74.
(pdftex.def)             Requested size: 469.75502pt x 375.82822pt.
<./svg-inkscape/Q_2_vi_ou_svg-tex.pdf, id=374, page=11, 451.6875pt x 361.35pt>
File: ./svg-inkscape/Q_2_vi_ou_svg-tex.pdf Graphic file (type pdf)
<use ./svg-inkscape/Q_2_vi_ou_svg-tex.pdf, page 11>
Package pdftex.def Info: ./svg-inkscape/Q_2_vi_ou_svg-tex.pdf , page11 used on 
input line 76.
(pdftex.def)             Requested size: 469.75502pt x 375.82822pt.
<./svg-inkscape/Q_2_vi_ou_svg-tex.pdf, id=375, page=12, 451.6875pt x 361.35pt>
File: ./svg-inkscape/Q_2_vi_ou_svg-tex.pdf Graphic file (type pdf)
<use ./svg-inkscape/Q_2_vi_ou_svg-tex.pdf, page 12>
Package pdftex.def Info: ./svg-inkscape/Q_2_vi_ou_svg-tex.pdf , page12 used on 
input line 78.
(pdftex.def)             Requested size: 469.75502pt x 375.82822pt.
<./svg-inkscape/Q_2_vi_ou_svg-tex.pdf, id=376, page=13, 451.6875pt x 361.35pt>
File: ./svg-inkscape/Q_2_vi_ou_svg-tex.pdf Graphic file (type pdf)
<use ./svg-inkscape/Q_2_vi_ou_svg-tex.pdf, page 13>
Package pdftex.def Info: ./svg-inkscape/Q_2_vi_ou_svg-tex.pdf , page13 used on 
input line 80.
(pdftex.def)             Requested size: 469.75502pt x 375.82822pt.
<./svg-inkscape/Q_2_vi_ou_svg-tex.pdf, id=377, page=14, 451.6875pt x 361.35pt>
File: ./svg-inkscape/Q_2_vi_ou_svg-tex.pdf Graphic file (type pdf)
<use ./svg-inkscape/Q_2_vi_ou_svg-tex.pdf, page 14>
Package pdftex.def Info: ./svg-inkscape/Q_2_vi_ou_svg-tex.pdf , page14 used on 
input line 82.
(pdftex.def)             Requested size: 469.75502pt x 375.82822pt.
<./svg-inkscape/Q_2_vi_ou_svg-tex.pdf, id=378, page=15, 451.6875pt x 361.35pt>
File: ./svg-inkscape/Q_2_vi_ou_svg-tex.pdf Graphic file (type pdf)
<use ./svg-inkscape/Q_2_vi_ou_svg-tex.pdf, page 15>
Package pdftex.def Info: ./svg-inkscape/Q_2_vi_ou_svg-tex.pdf , page15 used on 
input line 84.
(pdftex.def)             Requested size: 469.75502pt x 375.82822pt.
<./svg-inkscape/Q_2_vi_ou_svg-tex.pdf, id=379, page=16, 451.6875pt x 361.35pt>
File: ./svg-inkscape/Q_2_vi_ou_svg-tex.pdf Graphic file (type pdf)
<use ./svg-inkscape/Q_2_vi_ou_svg-tex.pdf, page 16>
Package pdftex.def Info: ./svg-inkscape/Q_2_vi_ou_svg-tex.pdf , page16 used on 
input line 86.
(pdftex.def)             Requested size: 469.75502pt x 375.82822pt.
<./svg-inkscape/Q_2_vi_ou_svg-tex.pdf, id=380, page=17, 451.6875pt x 361.35pt>
File: ./svg-inkscape/Q_2_vi_ou_svg-tex.pdf Graphic file (type pdf)
<use ./svg-inkscape/Q_2_vi_ou_svg-tex.pdf, page 17>
Package pdftex.def Info: ./svg-inkscape/Q_2_vi_ou_svg-tex.pdf , page17 used on 
input line 88.
(pdftex.def)             Requested size: 469.75502pt x 375.82822pt.
<./svg-inkscape/Q_2_vi_ou_svg-tex.pdf, id=381, page=18, 451.6875pt x 361.35pt>
File: ./svg-inkscape/Q_2_vi_ou_svg-tex.pdf Graphic file (type pdf)
<use ./svg-inkscape/Q_2_vi_ou_svg-tex.pdf, page 18>
Package pdftex.def Info: ./svg-inkscape/Q_2_vi_ou_svg-tex.pdf , page18 used on 
input line 90.
(pdftex.def)             Requested size: 469.75502pt x 375.82822pt.
<./svg-inkscape/Q_2_vi_ou_svg-tex.pdf, id=382, page=19, 451.6875pt x 361.35pt>
File: ./svg-inkscape/Q_2_vi_ou_svg-tex.pdf Graphic file (type pdf)
<use ./svg-inkscape/Q_2_vi_ou_svg-tex.pdf, page 19>
Package pdftex.def Info: ./svg-inkscape/Q_2_vi_ou_svg-tex.pdf , page19 used on 
input line 92.
(pdftex.def)             Requested size: 469.75502pt x 375.82822pt.
<./svg-inkscape/Q_2_vi_ou_svg-tex.pdf, id=383, page=20, 451.6875pt x 361.35pt>
File: ./svg-inkscape/Q_2_vi_ou_svg-tex.pdf Graphic file (type pdf)
<use ./svg-inkscape/Q_2_vi_ou_svg-tex.pdf, page 20>
Package pdftex.def Info: ./svg-inkscape/Q_2_vi_ou_svg-tex.pdf , page20 used on 
input line 94.
(pdftex.def)             Requested size: 469.75502pt x 375.82822pt.
)
Underfull \vbox (badness 10000) has occurred while \output is active []

 [24]
(../../Lab-files/GP-Files/2/Fit-log/fit_vi.log) [25 <./svg-inkscape/Q_2_vi_ou_s
vg-tex.pdf> <./svg-inkscape/Q_2_vi_ou_svg-tex.pdf

pdfTeX warning: pdflatex (file ./svg-inkscape/Q_2_vi_ou_svg-tex.pdf): PDF inclu
sion: multiple pdfs with page group included in a single page
> <./svg-inkscape/Q_2_vi_ou_svg-tex.pdf

pdfTeX warning: pdflatex (file ./svg-inkscape/Q_2_vi_ou_svg-tex.pdf): PDF inclu
sion: multiple pdfs with page group included in a single page
> <./svg-inkscape/Q_2_vi_ou_svg-tex.pdf

pdfTeX warning: pdflatex (file ./svg-inkscape/Q_2_vi_ou_svg-tex.pdf): PDF inclu
sion: multiple pdfs with page group included in a single page
> <./svg-inkscape/Q_2_vi_ou_svg-tex.pdf

pdfTeX warning: pdflatex (file ./svg-inkscape/Q_2_vi_ou_svg-tex.pdf): PDF inclu
sion: multiple pdfs with page group included in a single page
> <./svg-inkscape/Q_2_vi_ou_svg-tex.pdf

pdfTeX warning: pdflatex (file ./svg-inkscape/Q_2_vi_ou_svg-tex.pdf): PDF inclu
sion: multiple pdfs with page group included in a single page
> <./svg-inkscape/Q_2_vi_ou_svg-tex.pdf

pdfTeX warning: pdflatex (file ./svg-inkscape/Q_2_vi_ou_svg-tex.pdf): PDF inclu
sion: multiple pdfs with page group included in a single page
> <./svg-inkscape/Q_2_vi_ou_svg-tex.pdf

pdfTeX warning: pdflatex (file ./svg-inkscape/Q_2_vi_ou_svg-tex.pdf): PDF inclu
sion: multiple pdfs with page group included in a single page
> <./svg-inkscape/Q_2_vi_ou_svg-tex.pdf

pdfTeX warning: pdflatex (file ./svg-inkscape/Q_2_vi_ou_svg-tex.pdf): PDF inclu
sion: multiple pdfs with page group included in a single page
> <./svg-inkscape/Q_2_vi_ou_svg-tex.pdf

pdfTeX warning: pdflatex (file ./svg-inkscape/Q_2_vi_ou_svg-tex.pdf): PDF inclu
sion: multiple pdfs with page group included in a single page
> <./svg-inkscape/Q_2_vi_ou_svg-tex.pdf

pdfTeX warning: pdflatex (file ./svg-inkscape/Q_2_vi_ou_svg-tex.pdf): PDF inclu
sion: multiple pdfs with page group included in a single page
> <./svg-inkscape/Q_2_vi_ou_svg-tex.pdf

pdfTeX warning: pdflatex (file ./svg-inkscape/Q_2_vi_ou_svg-tex.pdf): PDF inclu
sion: multiple pdfs with page group included in a single page
> <./svg-inkscape/Q_2_vi_ou_svg-tex.pdf

pdfTeX warning: pdflatex (file ./svg-inkscape/Q_2_vi_ou_svg-tex.pdf): PDF inclu
sion: multiple pdfs with page group included in a single page
> <./svg-inkscape/Q_2_vi_ou_svg-tex.pdf

pdfTeX warning: pdflatex (file ./svg-inkscape/Q_2_vi_ou_svg-tex.pdf): PDF inclu
sion: multiple pdfs with page group included in a single page
> <./svg-inkscape/Q_2_vi_ou_svg-tex.pdf

pdfTeX warning: pdflatex (file ./svg-inkscape/Q_2_vi_ou_svg-tex.pdf): PDF inclu
sion: multiple pdfs with page group included in a single page
> <./svg-inkscape/Q_2_vi_ou_svg-tex.pdf

pdfTeX warning: pdflatex (file ./svg-inkscape/Q_2_vi_ou_svg-tex.pdf): PDF inclu
sion: multiple pdfs with page group included in a single page
> <./svg-inkscape/Q_2_vi_ou_svg-tex.pdf

pdfTeX warning: pdflatex (file ./svg-inkscape/Q_2_vi_ou_svg-tex.pdf): PDF inclu
sion: multiple pdfs with page group included in a single page
> <./svg-inkscape/Q_2_vi_ou_svg-tex.pdf

pdfTeX warning: pdflatex (file ./svg-inkscape/Q_2_vi_ou_svg-tex.pdf): PDF inclu
sion: multiple pdfs with page group included in a single page
> <./svg-inkscape/Q_2_vi_ou_svg-tex.pdf

pdfTeX warning: pdflatex (file ./svg-inkscape/Q_2_vi_ou_svg-tex.pdf): PDF inclu
sion: multiple pdfs with page group included in a single page
> <./svg-inkscape/Q_2_vi_ou_svg-tex.pdf

pdfTeX warning: pdflatex (file ./svg-inkscape/Q_2_vi_ou_svg-tex.pdf): PDF inclu
sion: multiple pdfs with page group included in a single page
>] (../../Lab-files/Data/2/Q_vii.txt)
(../../Lab-files/GP-Files/2/GNU-Plot-files/Q_2_vii.gp)
Package svg Info: Last page of `./svg-inkscape/Q_2_vii_ou_svg-tex.pdf' is 19 on
 input line 364.

(./svg-inkscape/Q_2_vii_ou_svg-tex.pdf_tex
<./svg-inkscape/Q_2_vii_ou_svg-tex.pdf, id=394, page=1, 451.6875pt x 361.35pt>
File: ./svg-inkscape/Q_2_vii_ou_svg-tex.pdf Graphic file (type pdf)
<use ./svg-inkscape/Q_2_vii_ou_svg-tex.pdf, page 1>
Package pdftex.def Info: ./svg-inkscape/Q_2_vii_ou_svg-tex.pdf , page1 used on 
input line 56.
(pdftex.def)             Requested size: 469.75502pt x 375.82822pt.
<./svg-inkscape/Q_2_vii_ou_svg-tex.pdf, id=395, page=2, 451.6875pt x 361.35pt>
File: ./svg-inkscape/Q_2_vii_ou_svg-tex.pdf Graphic file (type pdf)
<use ./svg-inkscape/Q_2_vii_ou_svg-tex.pdf, page 2>
Package pdftex.def Info: ./svg-inkscape/Q_2_vii_ou_svg-tex.pdf , page2 used on 
input line 58.
(pdftex.def)             Requested size: 469.75502pt x 375.82822pt.
<./svg-inkscape/Q_2_vii_ou_svg-tex.pdf, id=396, page=3, 451.6875pt x 361.35pt>
File: ./svg-inkscape/Q_2_vii_ou_svg-tex.pdf Graphic file (type pdf)
<use ./svg-inkscape/Q_2_vii_ou_svg-tex.pdf, page 3>
Package pdftex.def Info: ./svg-inkscape/Q_2_vii_ou_svg-tex.pdf , page3 used on 
input line 60.
(pdftex.def)             Requested size: 469.75502pt x 375.82822pt.
<./svg-inkscape/Q_2_vii_ou_svg-tex.pdf, id=397, page=4, 451.6875pt x 361.35pt>
File: ./svg-inkscape/Q_2_vii_ou_svg-tex.pdf Graphic file (type pdf)
<use ./svg-inkscape/Q_2_vii_ou_svg-tex.pdf, page 4>
Package pdftex.def Info: ./svg-inkscape/Q_2_vii_ou_svg-tex.pdf , page4 used on 
input line 62.
(pdftex.def)             Requested size: 469.75502pt x 375.82822pt.
<./svg-inkscape/Q_2_vii_ou_svg-tex.pdf, id=398, page=5, 451.6875pt x 361.35pt>
File: ./svg-inkscape/Q_2_vii_ou_svg-tex.pdf Graphic file (type pdf)
<use ./svg-inkscape/Q_2_vii_ou_svg-tex.pdf, page 5>
Package pdftex.def Info: ./svg-inkscape/Q_2_vii_ou_svg-tex.pdf , page5 used on 
input line 64.
(pdftex.def)             Requested size: 469.75502pt x 375.82822pt.
<./svg-inkscape/Q_2_vii_ou_svg-tex.pdf, id=399, page=6, 451.6875pt x 361.35pt>
File: ./svg-inkscape/Q_2_vii_ou_svg-tex.pdf Graphic file (type pdf)
<use ./svg-inkscape/Q_2_vii_ou_svg-tex.pdf, page 6>
Package pdftex.def Info: ./svg-inkscape/Q_2_vii_ou_svg-tex.pdf , page6 used on 
input line 66.
(pdftex.def)             Requested size: 469.75502pt x 375.82822pt.
<./svg-inkscape/Q_2_vii_ou_svg-tex.pdf, id=400, page=7, 451.6875pt x 361.35pt>
File: ./svg-inkscape/Q_2_vii_ou_svg-tex.pdf Graphic file (type pdf)
<use ./svg-inkscape/Q_2_vii_ou_svg-tex.pdf, page 7>
Package pdftex.def Info: ./svg-inkscape/Q_2_vii_ou_svg-tex.pdf , page7 used on 
input line 68.
(pdftex.def)             Requested size: 469.75502pt x 375.82822pt.
<./svg-inkscape/Q_2_vii_ou_svg-tex.pdf, id=401, page=8, 451.6875pt x 361.35pt>
File: ./svg-inkscape/Q_2_vii_ou_svg-tex.pdf Graphic file (type pdf)
<use ./svg-inkscape/Q_2_vii_ou_svg-tex.pdf, page 8>
Package pdftex.def Info: ./svg-inkscape/Q_2_vii_ou_svg-tex.pdf , page8 used on 
input line 70.
(pdftex.def)             Requested size: 469.75502pt x 375.82822pt.
<./svg-inkscape/Q_2_vii_ou_svg-tex.pdf, id=402, page=9, 451.6875pt x 361.35pt>
File: ./svg-inkscape/Q_2_vii_ou_svg-tex.pdf Graphic file (type pdf)
<use ./svg-inkscape/Q_2_vii_ou_svg-tex.pdf, page 9>
Package pdftex.def Info: ./svg-inkscape/Q_2_vii_ou_svg-tex.pdf , page9 used on 
input line 72.
(pdftex.def)             Requested size: 469.75502pt x 375.82822pt.
<./svg-inkscape/Q_2_vii_ou_svg-tex.pdf, id=403, page=10, 451.6875pt x 361.35pt>

File: ./svg-inkscape/Q_2_vii_ou_svg-tex.pdf Graphic file (type pdf)
<use ./svg-inkscape/Q_2_vii_ou_svg-tex.pdf, page 10>
Package pdftex.def Info: ./svg-inkscape/Q_2_vii_ou_svg-tex.pdf , page10 used on
 input line 74.
(pdftex.def)             Requested size: 469.75502pt x 375.82822pt.
<./svg-inkscape/Q_2_vii_ou_svg-tex.pdf, id=404, page=11, 451.6875pt x 361.35pt>

File: ./svg-inkscape/Q_2_vii_ou_svg-tex.pdf Graphic file (type pdf)
<use ./svg-inkscape/Q_2_vii_ou_svg-tex.pdf, page 11>
Package pdftex.def Info: ./svg-inkscape/Q_2_vii_ou_svg-tex.pdf , page11 used on
 input line 76.
(pdftex.def)             Requested size: 469.75502pt x 375.82822pt.
<./svg-inkscape/Q_2_vii_ou_svg-tex.pdf, id=405, page=12, 451.6875pt x 361.35pt>

File: ./svg-inkscape/Q_2_vii_ou_svg-tex.pdf Graphic file (type pdf)
<use ./svg-inkscape/Q_2_vii_ou_svg-tex.pdf, page 12>
Package pdftex.def Info: ./svg-inkscape/Q_2_vii_ou_svg-tex.pdf , page12 used on
 input line 78.
(pdftex.def)             Requested size: 469.75502pt x 375.82822pt.
<./svg-inkscape/Q_2_vii_ou_svg-tex.pdf, id=406, page=13, 451.6875pt x 361.35pt>

File: ./svg-inkscape/Q_2_vii_ou_svg-tex.pdf Graphic file (type pdf)
<use ./svg-inkscape/Q_2_vii_ou_svg-tex.pdf, page 13>
Package pdftex.def Info: ./svg-inkscape/Q_2_vii_ou_svg-tex.pdf , page13 used on
 input line 80.
(pdftex.def)             Requested size: 469.75502pt x 375.82822pt.
<./svg-inkscape/Q_2_vii_ou_svg-tex.pdf, id=407, page=14, 451.6875pt x 361.35pt>

File: ./svg-inkscape/Q_2_vii_ou_svg-tex.pdf Graphic file (type pdf)
<use ./svg-inkscape/Q_2_vii_ou_svg-tex.pdf, page 14>
Package pdftex.def Info: ./svg-inkscape/Q_2_vii_ou_svg-tex.pdf , page14 used on
 input line 82.
(pdftex.def)             Requested size: 469.75502pt x 375.82822pt.
<./svg-inkscape/Q_2_vii_ou_svg-tex.pdf, id=408, page=15, 451.6875pt x 361.35pt>

File: ./svg-inkscape/Q_2_vii_ou_svg-tex.pdf Graphic file (type pdf)
<use ./svg-inkscape/Q_2_vii_ou_svg-tex.pdf, page 15>
Package pdftex.def Info: ./svg-inkscape/Q_2_vii_ou_svg-tex.pdf , page15 used on
 input line 84.
(pdftex.def)             Requested size: 469.75502pt x 375.82822pt.
<./svg-inkscape/Q_2_vii_ou_svg-tex.pdf, id=409, page=16, 451.6875pt x 361.35pt>

File: ./svg-inkscape/Q_2_vii_ou_svg-tex.pdf Graphic file (type pdf)
<use ./svg-inkscape/Q_2_vii_ou_svg-tex.pdf, page 16>
Package pdftex.def Info: ./svg-inkscape/Q_2_vii_ou_svg-tex.pdf , page16 used on
 input line 86.
(pdftex.def)             Requested size: 469.75502pt x 375.82822pt.
<./svg-inkscape/Q_2_vii_ou_svg-tex.pdf, id=410, page=17, 451.6875pt x 361.35pt>

File: ./svg-inkscape/Q_2_vii_ou_svg-tex.pdf Graphic file (type pdf)
<use ./svg-inkscape/Q_2_vii_ou_svg-tex.pdf, page 17>
Package pdftex.def Info: ./svg-inkscape/Q_2_vii_ou_svg-tex.pdf , page17 used on
 input line 88.
(pdftex.def)             Requested size: 469.75502pt x 375.82822pt.
<./svg-inkscape/Q_2_vii_ou_svg-tex.pdf, id=411, page=18, 451.6875pt x 361.35pt>

File: ./svg-inkscape/Q_2_vii_ou_svg-tex.pdf Graphic file (type pdf)
<use ./svg-inkscape/Q_2_vii_ou_svg-tex.pdf, page 18>
Package pdftex.def Info: ./svg-inkscape/Q_2_vii_ou_svg-tex.pdf , page18 used on
 input line 90.
(pdftex.def)             Requested size: 469.75502pt x 375.82822pt.
<./svg-inkscape/Q_2_vii_ou_svg-tex.pdf, id=412, page=19, 451.6875pt x 361.35pt>

File: ./svg-inkscape/Q_2_vii_ou_svg-tex.pdf Graphic file (type pdf)
<use ./svg-inkscape/Q_2_vii_ou_svg-tex.pdf, page 19>
Package pdftex.def Info: ./svg-inkscape/Q_2_vii_ou_svg-tex.pdf , page19 used on
 input line 92.
(pdftex.def)             Requested size: 469.75502pt x 375.82822pt.
)
Underfull \vbox (badness 10000) has occurred while \output is active []

 [26]
(../../Lab-files/GP-Files/2/Fit-log/fit_vii.log) [27 <./svg-inkscape/Q_2_vii_ou
_svg-tex.pdf> <./svg-inkscape/Q_2_vii_ou_svg-tex.pdf

pdfTeX warning: pdflatex (file ./svg-inkscape/Q_2_vii_ou_svg-tex.pdf): PDF incl
usion: multiple pdfs with page group included in a single page
> <./svg-inkscape/Q_2_vii_ou_svg-tex.pdf

pdfTeX warning: pdflatex (file ./svg-inkscape/Q_2_vii_ou_svg-tex.pdf): PDF incl
usion: multiple pdfs with page group included in a single page
> <./svg-inkscape/Q_2_vii_ou_svg-tex.pdf

pdfTeX warning: pdflatex (file ./svg-inkscape/Q_2_vii_ou_svg-tex.pdf): PDF incl
usion: multiple pdfs with page group included in a single page
> <./svg-inkscape/Q_2_vii_ou_svg-tex.pdf

pdfTeX warning: pdflatex (file ./svg-inkscape/Q_2_vii_ou_svg-tex.pdf): PDF incl
usion: multiple pdfs with page group included in a single page
> <./svg-inkscape/Q_2_vii_ou_svg-tex.pdf

pdfTeX warning: pdflatex (file ./svg-inkscape/Q_2_vii_ou_svg-tex.pdf): PDF incl
usion: multiple pdfs with page group included in a single page
> <./svg-inkscape/Q_2_vii_ou_svg-tex.pdf

pdfTeX warning: pdflatex (file ./svg-inkscape/Q_2_vii_ou_svg-tex.pdf): PDF incl
usion: multiple pdfs with page group included in a single page
> <./svg-inkscape/Q_2_vii_ou_svg-tex.pdf

pdfTeX warning: pdflatex (file ./svg-inkscape/Q_2_vii_ou_svg-tex.pdf): PDF incl
usion: multiple pdfs with page group included in a single page
> <./svg-inkscape/Q_2_vii_ou_svg-tex.pdf

pdfTeX warning: pdflatex (file ./svg-inkscape/Q_2_vii_ou_svg-tex.pdf): PDF incl
usion: multiple pdfs with page group included in a single page
> <./svg-inkscape/Q_2_vii_ou_svg-tex.pdf

pdfTeX warning: pdflatex (file ./svg-inkscape/Q_2_vii_ou_svg-tex.pdf): PDF incl
usion: multiple pdfs with page group included in a single page
> <./svg-inkscape/Q_2_vii_ou_svg-tex.pdf

pdfTeX warning: pdflatex (file ./svg-inkscape/Q_2_vii_ou_svg-tex.pdf): PDF incl
usion: multiple pdfs with page group included in a single page
> <./svg-inkscape/Q_2_vii_ou_svg-tex.pdf

pdfTeX warning: pdflatex (file ./svg-inkscape/Q_2_vii_ou_svg-tex.pdf): PDF incl
usion: multiple pdfs with page group included in a single page
> <./svg-inkscape/Q_2_vii_ou_svg-tex.pdf

pdfTeX warning: pdflatex (file ./svg-inkscape/Q_2_vii_ou_svg-tex.pdf): PDF incl
usion: multiple pdfs with page group included in a single page
> <./svg-inkscape/Q_2_vii_ou_svg-tex.pdf

pdfTeX warning: pdflatex (file ./svg-inkscape/Q_2_vii_ou_svg-tex.pdf): PDF incl
usion: multiple pdfs with page group included in a single page
> <./svg-inkscape/Q_2_vii_ou_svg-tex.pdf

pdfTeX warning: pdflatex (file ./svg-inkscape/Q_2_vii_ou_svg-tex.pdf): PDF incl
usion: multiple pdfs with page group included in a single page
> <./svg-inkscape/Q_2_vii_ou_svg-tex.pdf

pdfTeX warning: pdflatex (file ./svg-inkscape/Q_2_vii_ou_svg-tex.pdf): PDF incl
usion: multiple pdfs with page group included in a single page
> <./svg-inkscape/Q_2_vii_ou_svg-tex.pdf

pdfTeX warning: pdflatex (file ./svg-inkscape/Q_2_vii_ou_svg-tex.pdf): PDF incl
usion: multiple pdfs with page group included in a single page
> <./svg-inkscape/Q_2_vii_ou_svg-tex.pdf

pdfTeX warning: pdflatex (file ./svg-inkscape/Q_2_vii_ou_svg-tex.pdf): PDF incl
usion: multiple pdfs with page group included in a single page
> <./svg-inkscape/Q_2_vii_ou_svg-tex.pdf

pdfTeX warning: pdflatex (file ./svg-inkscape/Q_2_vii_ou_svg-tex.pdf): PDF incl
usion: multiple pdfs with page group included in a single page
>] (../../Lab-files/Data/2/Q_viii.txt)
(../../Lab-files/GP-Files/2/GNU-Plot-files/Q_2_viii.gp)
Package svg Info: Last page of `./svg-inkscape/Q_2_viii_ou_svg-tex.pdf' is 21 o
n input line 396.

(./svg-inkscape/Q_2_viii_ou_svg-tex.pdf_tex
<./svg-inkscape/Q_2_viii_ou_svg-tex.pdf, id=422, page=1, 451.6875pt x 361.35pt>

File: ./svg-inkscape/Q_2_viii_ou_svg-tex.pdf Graphic file (type pdf)
<use ./svg-inkscape/Q_2_viii_ou_svg-tex.pdf, page 1>
Package pdftex.def Info: ./svg-inkscape/Q_2_viii_ou_svg-tex.pdf , page1 used on
 input line 56.
(pdftex.def)             Requested size: 469.75502pt x 375.82822pt.
<./svg-inkscape/Q_2_viii_ou_svg-tex.pdf, id=423, page=2, 451.6875pt x 361.35pt>

File: ./svg-inkscape/Q_2_viii_ou_svg-tex.pdf Graphic file (type pdf)
<use ./svg-inkscape/Q_2_viii_ou_svg-tex.pdf, page 2>
Package pdftex.def Info: ./svg-inkscape/Q_2_viii_ou_svg-tex.pdf , page2 used on
 input line 58.
(pdftex.def)             Requested size: 469.75502pt x 375.82822pt.
<./svg-inkscape/Q_2_viii_ou_svg-tex.pdf, id=424, page=3, 451.6875pt x 361.35pt>

File: ./svg-inkscape/Q_2_viii_ou_svg-tex.pdf Graphic file (type pdf)
<use ./svg-inkscape/Q_2_viii_ou_svg-tex.pdf, page 3>
Package pdftex.def Info: ./svg-inkscape/Q_2_viii_ou_svg-tex.pdf , page3 used on
 input line 60.
(pdftex.def)             Requested size: 469.75502pt x 375.82822pt.
<./svg-inkscape/Q_2_viii_ou_svg-tex.pdf, id=425, page=4, 451.6875pt x 361.35pt>

File: ./svg-inkscape/Q_2_viii_ou_svg-tex.pdf Graphic file (type pdf)
<use ./svg-inkscape/Q_2_viii_ou_svg-tex.pdf, page 4>
Package pdftex.def Info: ./svg-inkscape/Q_2_viii_ou_svg-tex.pdf , page4 used on
 input line 62.
(pdftex.def)             Requested size: 469.75502pt x 375.82822pt.
<./svg-inkscape/Q_2_viii_ou_svg-tex.pdf, id=426, page=5, 451.6875pt x 361.35pt>

File: ./svg-inkscape/Q_2_viii_ou_svg-tex.pdf Graphic file (type pdf)
<use ./svg-inkscape/Q_2_viii_ou_svg-tex.pdf, page 5>
Package pdftex.def Info: ./svg-inkscape/Q_2_viii_ou_svg-tex.pdf , page5 used on
 input line 64.
(pdftex.def)             Requested size: 469.75502pt x 375.82822pt.
<./svg-inkscape/Q_2_viii_ou_svg-tex.pdf, id=427, page=6, 451.6875pt x 361.35pt>

File: ./svg-inkscape/Q_2_viii_ou_svg-tex.pdf Graphic file (type pdf)
<use ./svg-inkscape/Q_2_viii_ou_svg-tex.pdf, page 6>
Package pdftex.def Info: ./svg-inkscape/Q_2_viii_ou_svg-tex.pdf , page6 used on
 input line 66.
(pdftex.def)             Requested size: 469.75502pt x 375.82822pt.
<./svg-inkscape/Q_2_viii_ou_svg-tex.pdf, id=428, page=7, 451.6875pt x 361.35pt>

File: ./svg-inkscape/Q_2_viii_ou_svg-tex.pdf Graphic file (type pdf)
<use ./svg-inkscape/Q_2_viii_ou_svg-tex.pdf, page 7>
Package pdftex.def Info: ./svg-inkscape/Q_2_viii_ou_svg-tex.pdf , page7 used on
 input line 68.
(pdftex.def)             Requested size: 469.75502pt x 375.82822pt.
<./svg-inkscape/Q_2_viii_ou_svg-tex.pdf, id=429, page=8, 451.6875pt x 361.35pt>

File: ./svg-inkscape/Q_2_viii_ou_svg-tex.pdf Graphic file (type pdf)
<use ./svg-inkscape/Q_2_viii_ou_svg-tex.pdf, page 8>
Package pdftex.def Info: ./svg-inkscape/Q_2_viii_ou_svg-tex.pdf , page8 used on
 input line 70.
(pdftex.def)             Requested size: 469.75502pt x 375.82822pt.
<./svg-inkscape/Q_2_viii_ou_svg-tex.pdf, id=430, page=9, 451.6875pt x 361.35pt>

File: ./svg-inkscape/Q_2_viii_ou_svg-tex.pdf Graphic file (type pdf)
<use ./svg-inkscape/Q_2_viii_ou_svg-tex.pdf, page 9>
Package pdftex.def Info: ./svg-inkscape/Q_2_viii_ou_svg-tex.pdf , page9 used on
 input line 72.
(pdftex.def)             Requested size: 469.75502pt x 375.82822pt.
<./svg-inkscape/Q_2_viii_ou_svg-tex.pdf, id=431, page=10, 451.6875pt x 361.35pt
>
File: ./svg-inkscape/Q_2_viii_ou_svg-tex.pdf Graphic file (type pdf)
<use ./svg-inkscape/Q_2_viii_ou_svg-tex.pdf, page 10>
Package pdftex.def Info: ./svg-inkscape/Q_2_viii_ou_svg-tex.pdf , page10 used o
n input line 74.
(pdftex.def)             Requested size: 469.75502pt x 375.82822pt.
<./svg-inkscape/Q_2_viii_ou_svg-tex.pdf, id=432, page=11, 451.6875pt x 361.35pt
>
File: ./svg-inkscape/Q_2_viii_ou_svg-tex.pdf Graphic file (type pdf)
<use ./svg-inkscape/Q_2_viii_ou_svg-tex.pdf, page 11>
Package pdftex.def Info: ./svg-inkscape/Q_2_viii_ou_svg-tex.pdf , page11 used o
n input line 76.
(pdftex.def)             Requested size: 469.75502pt x 375.82822pt.
<./svg-inkscape/Q_2_viii_ou_svg-tex.pdf, id=433, page=12, 451.6875pt x 361.35pt
>
File: ./svg-inkscape/Q_2_viii_ou_svg-tex.pdf Graphic file (type pdf)
<use ./svg-inkscape/Q_2_viii_ou_svg-tex.pdf, page 12>
Package pdftex.def Info: ./svg-inkscape/Q_2_viii_ou_svg-tex.pdf , page12 used o
n input line 78.
(pdftex.def)             Requested size: 469.75502pt x 375.82822pt.
<./svg-inkscape/Q_2_viii_ou_svg-tex.pdf, id=434, page=13, 451.6875pt x 361.35pt
>
File: ./svg-inkscape/Q_2_viii_ou_svg-tex.pdf Graphic file (type pdf)
<use ./svg-inkscape/Q_2_viii_ou_svg-tex.pdf, page 13>
Package pdftex.def Info: ./svg-inkscape/Q_2_viii_ou_svg-tex.pdf , page13 used o
n input line 80.
(pdftex.def)             Requested size: 469.75502pt x 375.82822pt.
<./svg-inkscape/Q_2_viii_ou_svg-tex.pdf, id=435, page=14, 451.6875pt x 361.35pt
>
File: ./svg-inkscape/Q_2_viii_ou_svg-tex.pdf Graphic file (type pdf)
<use ./svg-inkscape/Q_2_viii_ou_svg-tex.pdf, page 14>
Package pdftex.def Info: ./svg-inkscape/Q_2_viii_ou_svg-tex.pdf , page14 used o
n input line 82.
(pdftex.def)             Requested size: 469.75502pt x 375.82822pt.
<./svg-inkscape/Q_2_viii_ou_svg-tex.pdf, id=436, page=15, 451.6875pt x 361.35pt
>
File: ./svg-inkscape/Q_2_viii_ou_svg-tex.pdf Graphic file (type pdf)
<use ./svg-inkscape/Q_2_viii_ou_svg-tex.pdf, page 15>
Package pdftex.def Info: ./svg-inkscape/Q_2_viii_ou_svg-tex.pdf , page15 used o
n input line 84.
(pdftex.def)             Requested size: 469.75502pt x 375.82822pt.
<./svg-inkscape/Q_2_viii_ou_svg-tex.pdf, id=437, page=16, 451.6875pt x 361.35pt
>
File: ./svg-inkscape/Q_2_viii_ou_svg-tex.pdf Graphic file (type pdf)
<use ./svg-inkscape/Q_2_viii_ou_svg-tex.pdf, page 16>
Package pdftex.def Info: ./svg-inkscape/Q_2_viii_ou_svg-tex.pdf , page16 used o
n input line 86.
(pdftex.def)             Requested size: 469.75502pt x 375.82822pt.
<./svg-inkscape/Q_2_viii_ou_svg-tex.pdf, id=438, page=17, 451.6875pt x 361.35pt
>
File: ./svg-inkscape/Q_2_viii_ou_svg-tex.pdf Graphic file (type pdf)
<use ./svg-inkscape/Q_2_viii_ou_svg-tex.pdf, page 17>
Package pdftex.def Info: ./svg-inkscape/Q_2_viii_ou_svg-tex.pdf , page17 used o
n input line 88.
(pdftex.def)             Requested size: 469.75502pt x 375.82822pt.
<./svg-inkscape/Q_2_viii_ou_svg-tex.pdf, id=439, page=18, 451.6875pt x 361.35pt
>
File: ./svg-inkscape/Q_2_viii_ou_svg-tex.pdf Graphic file (type pdf)
<use ./svg-inkscape/Q_2_viii_ou_svg-tex.pdf, page 18>
Package pdftex.def Info: ./svg-inkscape/Q_2_viii_ou_svg-tex.pdf , page18 used o
n input line 90.
(pdftex.def)             Requested size: 469.75502pt x 375.82822pt.
<./svg-inkscape/Q_2_viii_ou_svg-tex.pdf, id=440, page=19, 451.6875pt x 361.35pt
>
File: ./svg-inkscape/Q_2_viii_ou_svg-tex.pdf Graphic file (type pdf)
<use ./svg-inkscape/Q_2_viii_ou_svg-tex.pdf, page 19>
Package pdftex.def Info: ./svg-inkscape/Q_2_viii_ou_svg-tex.pdf , page19 used o
n input line 92.
(pdftex.def)             Requested size: 469.75502pt x 375.82822pt.
<./svg-inkscape/Q_2_viii_ou_svg-tex.pdf, id=441, page=20, 451.6875pt x 361.35pt
>
File: ./svg-inkscape/Q_2_viii_ou_svg-tex.pdf Graphic file (type pdf)
<use ./svg-inkscape/Q_2_viii_ou_svg-tex.pdf, page 20>
Package pdftex.def Info: ./svg-inkscape/Q_2_viii_ou_svg-tex.pdf , page20 used o
n input line 94.
(pdftex.def)             Requested size: 469.75502pt x 375.82822pt.
<./svg-inkscape/Q_2_viii_ou_svg-tex.pdf, id=442, page=21, 451.6875pt x 361.35pt
>
File: ./svg-inkscape/Q_2_viii_ou_svg-tex.pdf Graphic file (type pdf)
<use ./svg-inkscape/Q_2_viii_ou_svg-tex.pdf, page 21>
Package pdftex.def Info: ./svg-inkscape/Q_2_viii_ou_svg-tex.pdf , page21 used o
n input line 96.
(pdftex.def)             Requested size: 469.75502pt x 375.82822pt.
) [28]
(../../Lab-files/GP-Files/2/Fit-log/fit_viii.log) [29 <./svg-inkscape/Q_2_viii_
ou_svg-tex.pdf> <./svg-inkscape/Q_2_viii_ou_svg-tex.pdf

pdfTeX warning: pdflatex (file ./svg-inkscape/Q_2_viii_ou_svg-tex.pdf): PDF inc
lusion: multiple pdfs with page group included in a single page
> <./svg-inkscape/Q_2_viii_ou_svg-tex.pdf

pdfTeX warning: pdflatex (file ./svg-inkscape/Q_2_viii_ou_svg-tex.pdf): PDF inc
lusion: multiple pdfs with page group included in a single page
> <./svg-inkscape/Q_2_viii_ou_svg-tex.pdf

pdfTeX warning: pdflatex (file ./svg-inkscape/Q_2_viii_ou_svg-tex.pdf): PDF inc
lusion: multiple pdfs with page group included in a single page
> <./svg-inkscape/Q_2_viii_ou_svg-tex.pdf

pdfTeX warning: pdflatex (file ./svg-inkscape/Q_2_viii_ou_svg-tex.pdf): PDF inc
lusion: multiple pdfs with page group included in a single page
> <./svg-inkscape/Q_2_viii_ou_svg-tex.pdf

pdfTeX warning: pdflatex (file ./svg-inkscape/Q_2_viii_ou_svg-tex.pdf): PDF inc
lusion: multiple pdfs with page group included in a single page
> <./svg-inkscape/Q_2_viii_ou_svg-tex.pdf

pdfTeX warning: pdflatex (file ./svg-inkscape/Q_2_viii_ou_svg-tex.pdf): PDF inc
lusion: multiple pdfs with page group included in a single page
> <./svg-inkscape/Q_2_viii_ou_svg-tex.pdf

pdfTeX warning: pdflatex (file ./svg-inkscape/Q_2_viii_ou_svg-tex.pdf): PDF inc
lusion: multiple pdfs with page group included in a single page
> <./svg-inkscape/Q_2_viii_ou_svg-tex.pdf

pdfTeX warning: pdflatex (file ./svg-inkscape/Q_2_viii_ou_svg-tex.pdf): PDF inc
lusion: multiple pdfs with page group included in a single page
> <./svg-inkscape/Q_2_viii_ou_svg-tex.pdf

pdfTeX warning: pdflatex (file ./svg-inkscape/Q_2_viii_ou_svg-tex.pdf): PDF inc
lusion: multiple pdfs with page group included in a single page
> <./svg-inkscape/Q_2_viii_ou_svg-tex.pdf

pdfTeX warning: pdflatex (file ./svg-inkscape/Q_2_viii_ou_svg-tex.pdf): PDF inc
lusion: multiple pdfs with page group included in a single page
> <./svg-inkscape/Q_2_viii_ou_svg-tex.pdf

pdfTeX warning: pdflatex (file ./svg-inkscape/Q_2_viii_ou_svg-tex.pdf): PDF inc
lusion: multiple pdfs with page group included in a single page
> <./svg-inkscape/Q_2_viii_ou_svg-tex.pdf

pdfTeX warning: pdflatex (file ./svg-inkscape/Q_2_viii_ou_svg-tex.pdf): PDF inc
lusion: multiple pdfs with page group included in a single page
> <./svg-inkscape/Q_2_viii_ou_svg-tex.pdf

pdfTeX warning: pdflatex (file ./svg-inkscape/Q_2_viii_ou_svg-tex.pdf): PDF inc
lusion: multiple pdfs with page group included in a single page
> <./svg-inkscape/Q_2_viii_ou_svg-tex.pdf

pdfTeX warning: pdflatex (file ./svg-inkscape/Q_2_viii_ou_svg-tex.pdf): PDF inc
lusion: multiple pdfs with page group included in a single page
> <./svg-inkscape/Q_2_viii_ou_svg-tex.pdf

pdfTeX warning: pdflatex (file ./svg-inkscape/Q_2_viii_ou_svg-tex.pdf): PDF inc
lusion: multiple pdfs with page group included in a single page
> <./svg-inkscape/Q_2_viii_ou_svg-tex.pdf

pdfTeX warning: pdflatex (file ./svg-inkscape/Q_2_viii_ou_svg-tex.pdf): PDF inc
lusion: multiple pdfs with page group included in a single page
> <./svg-inkscape/Q_2_viii_ou_svg-tex.pdf

pdfTeX warning: pdflatex (file ./svg-inkscape/Q_2_viii_ou_svg-tex.pdf): PDF inc
lusion: multiple pdfs with page group included in a single page
> <./svg-inkscape/Q_2_viii_ou_svg-tex.pdf

pdfTeX warning: pdflatex (file ./svg-inkscape/Q_2_viii_ou_svg-tex.pdf): PDF inc
lusion: multiple pdfs with page group included in a single page
> <./svg-inkscape/Q_2_viii_ou_svg-tex.pdf

pdfTeX warning: pdflatex (file ./svg-inkscape/Q_2_viii_ou_svg-tex.pdf): PDF inc
lusion: multiple pdfs with page group included in a single page
> <./svg-inkscape/Q_2_viii_ou_svg-tex.pdf

pdfTeX warning: pdflatex (file ./svg-inkscape/Q_2_viii_ou_svg-tex.pdf): PDF inc
lusion: multiple pdfs with page group included in a single page
>] (../../Lab-files/GP-Files/3/Q_3_i.gp)
Package svg Info: Last page of `./svg-inkscape/Q_3_i_ou_svg-tex.pdf' is 16 on i
nput line 412.

(./svg-inkscape/Q_3_i_ou_svg-tex.pdf_tex
<./svg-inkscape/Q_3_i_ou_svg-tex.pdf, id=452, page=1, 451.6875pt x 361.35pt>
File: ./svg-inkscape/Q_3_i_ou_svg-tex.pdf Graphic file (type pdf)
<use ./svg-inkscape/Q_3_i_ou_svg-tex.pdf, page 1>
Package pdftex.def Info: ./svg-inkscape/Q_3_i_ou_svg-tex.pdf , page1 used on in
put line 56.
(pdftex.def)             Requested size: 469.75502pt x 375.82822pt.
<./svg-inkscape/Q_3_i_ou_svg-tex.pdf, id=453, page=2, 451.6875pt x 361.35pt>
File: ./svg-inkscape/Q_3_i_ou_svg-tex.pdf Graphic file (type pdf)
<use ./svg-inkscape/Q_3_i_ou_svg-tex.pdf, page 2>
Package pdftex.def Info: ./svg-inkscape/Q_3_i_ou_svg-tex.pdf , page2 used on in
put line 58.
(pdftex.def)             Requested size: 469.75502pt x 375.82822pt.
<./svg-inkscape/Q_3_i_ou_svg-tex.pdf, id=454, page=3, 451.6875pt x 361.35pt>
File: ./svg-inkscape/Q_3_i_ou_svg-tex.pdf Graphic file (type pdf)
<use ./svg-inkscape/Q_3_i_ou_svg-tex.pdf, page 3>
Package pdftex.def Info: ./svg-inkscape/Q_3_i_ou_svg-tex.pdf , page3 used on in
put line 60.
(pdftex.def)             Requested size: 469.75502pt x 375.82822pt.
<./svg-inkscape/Q_3_i_ou_svg-tex.pdf, id=455, page=4, 451.6875pt x 361.35pt>
File: ./svg-inkscape/Q_3_i_ou_svg-tex.pdf Graphic file (type pdf)
<use ./svg-inkscape/Q_3_i_ou_svg-tex.pdf, page 4>
Package pdftex.def Info: ./svg-inkscape/Q_3_i_ou_svg-tex.pdf , page4 used on in
put line 62.
(pdftex.def)             Requested size: 469.75502pt x 375.82822pt.
<./svg-inkscape/Q_3_i_ou_svg-tex.pdf, id=456, page=5, 451.6875pt x 361.35pt>
File: ./svg-inkscape/Q_3_i_ou_svg-tex.pdf Graphic file (type pdf)
<use ./svg-inkscape/Q_3_i_ou_svg-tex.pdf, page 5>
Package pdftex.def Info: ./svg-inkscape/Q_3_i_ou_svg-tex.pdf , page5 used on in
put line 64.
(pdftex.def)             Requested size: 469.75502pt x 375.82822pt.
<./svg-inkscape/Q_3_i_ou_svg-tex.pdf, id=457, page=6, 451.6875pt x 361.35pt>
File: ./svg-inkscape/Q_3_i_ou_svg-tex.pdf Graphic file (type pdf)
<use ./svg-inkscape/Q_3_i_ou_svg-tex.pdf, page 6>
Package pdftex.def Info: ./svg-inkscape/Q_3_i_ou_svg-tex.pdf , page6 used on in
put line 66.
(pdftex.def)             Requested size: 469.75502pt x 375.82822pt.
<./svg-inkscape/Q_3_i_ou_svg-tex.pdf, id=458, page=7, 451.6875pt x 361.35pt>
File: ./svg-inkscape/Q_3_i_ou_svg-tex.pdf Graphic file (type pdf)
<use ./svg-inkscape/Q_3_i_ou_svg-tex.pdf, page 7>
Package pdftex.def Info: ./svg-inkscape/Q_3_i_ou_svg-tex.pdf , page7 used on in
put line 68.
(pdftex.def)             Requested size: 469.75502pt x 375.82822pt.
<./svg-inkscape/Q_3_i_ou_svg-tex.pdf, id=459, page=8, 451.6875pt x 361.35pt>
File: ./svg-inkscape/Q_3_i_ou_svg-tex.pdf Graphic file (type pdf)
<use ./svg-inkscape/Q_3_i_ou_svg-tex.pdf, page 8>
Package pdftex.def Info: ./svg-inkscape/Q_3_i_ou_svg-tex.pdf , page8 used on in
put line 70.
(pdftex.def)             Requested size: 469.75502pt x 375.82822pt.
<./svg-inkscape/Q_3_i_ou_svg-tex.pdf, id=460, page=9, 451.6875pt x 361.35pt>
File: ./svg-inkscape/Q_3_i_ou_svg-tex.pdf Graphic file (type pdf)
<use ./svg-inkscape/Q_3_i_ou_svg-tex.pdf, page 9>
Package pdftex.def Info: ./svg-inkscape/Q_3_i_ou_svg-tex.pdf , page9 used on in
put line 72.
(pdftex.def)             Requested size: 469.75502pt x 375.82822pt.
<./svg-inkscape/Q_3_i_ou_svg-tex.pdf, id=461, page=10, 451.6875pt x 361.35pt>
File: ./svg-inkscape/Q_3_i_ou_svg-tex.pdf Graphic file (type pdf)
<use ./svg-inkscape/Q_3_i_ou_svg-tex.pdf, page 10>
Package pdftex.def Info: ./svg-inkscape/Q_3_i_ou_svg-tex.pdf , page10 used on i
nput line 74.
(pdftex.def)             Requested size: 469.75502pt x 375.82822pt.
<./svg-inkscape/Q_3_i_ou_svg-tex.pdf, id=462, page=11, 451.6875pt x 361.35pt>
File: ./svg-inkscape/Q_3_i_ou_svg-tex.pdf Graphic file (type pdf)
<use ./svg-inkscape/Q_3_i_ou_svg-tex.pdf, page 11>
Package pdftex.def Info: ./svg-inkscape/Q_3_i_ou_svg-tex.pdf , page11 used on i
nput line 76.
(pdftex.def)             Requested size: 469.75502pt x 375.82822pt.
<./svg-inkscape/Q_3_i_ou_svg-tex.pdf, id=463, page=12, 451.6875pt x 361.35pt>
File: ./svg-inkscape/Q_3_i_ou_svg-tex.pdf Graphic file (type pdf)
<use ./svg-inkscape/Q_3_i_ou_svg-tex.pdf, page 12>
Package pdftex.def Info: ./svg-inkscape/Q_3_i_ou_svg-tex.pdf , page12 used on i
nput line 78.
(pdftex.def)             Requested size: 469.75502pt x 375.82822pt.
<./svg-inkscape/Q_3_i_ou_svg-tex.pdf, id=464, page=13, 451.6875pt x 361.35pt>
File: ./svg-inkscape/Q_3_i_ou_svg-tex.pdf Graphic file (type pdf)
<use ./svg-inkscape/Q_3_i_ou_svg-tex.pdf, page 13>
Package pdftex.def Info: ./svg-inkscape/Q_3_i_ou_svg-tex.pdf , page13 used on i
nput line 80.
(pdftex.def)             Requested size: 469.75502pt x 375.82822pt.
<./svg-inkscape/Q_3_i_ou_svg-tex.pdf, id=465, page=14, 451.6875pt x 361.35pt>
File: ./svg-inkscape/Q_3_i_ou_svg-tex.pdf Graphic file (type pdf)
<use ./svg-inkscape/Q_3_i_ou_svg-tex.pdf, page 14>
Package pdftex.def Info: ./svg-inkscape/Q_3_i_ou_svg-tex.pdf , page14 used on i
nput line 82.
(pdftex.def)             Requested size: 469.75502pt x 375.82822pt.
<./svg-inkscape/Q_3_i_ou_svg-tex.pdf, id=466, page=15, 451.6875pt x 361.35pt>
File: ./svg-inkscape/Q_3_i_ou_svg-tex.pdf Graphic file (type pdf)
<use ./svg-inkscape/Q_3_i_ou_svg-tex.pdf, page 15>
Package pdftex.def Info: ./svg-inkscape/Q_3_i_ou_svg-tex.pdf , page15 used on i
nput line 85.
(pdftex.def)             Requested size: 469.75502pt x 375.82822pt.
<./svg-inkscape/Q_3_i_ou_svg-tex.pdf, id=467, page=16, 451.6875pt x 361.35pt>
File: ./svg-inkscape/Q_3_i_ou_svg-tex.pdf Graphic file (type pdf)
<use ./svg-inkscape/Q_3_i_ou_svg-tex.pdf, page 16>
Package pdftex.def Info: ./svg-inkscape/Q_3_i_ou_svg-tex.pdf , page16 used on i
nput line 87.
(pdftex.def)             Requested size: 469.75502pt x 375.82822pt.
) [30] [31 <./svg-inkscape/Q_3_i_ou_svg-tex.pdf> <./svg-inkscape/Q_3_i_ou_svg-t
ex.pdf

pdfTeX warning: pdflatex (file ./svg-inkscape/Q_3_i_ou_svg-tex.pdf): PDF inclus
ion: multiple pdfs with page group included in a single page
> <./svg-inkscape/Q_3_i_ou_svg-tex.pdf

pdfTeX warning: pdflatex (file ./svg-inkscape/Q_3_i_ou_svg-tex.pdf): PDF inclus
ion: multiple pdfs with page group included in a single page
> <./svg-inkscape/Q_3_i_ou_svg-tex.pdf

pdfTeX warning: pdflatex (file ./svg-inkscape/Q_3_i_ou_svg-tex.pdf): PDF inclus
ion: multiple pdfs with page group included in a single page
> <./svg-inkscape/Q_3_i_ou_svg-tex.pdf

pdfTeX warning: pdflatex (file ./svg-inkscape/Q_3_i_ou_svg-tex.pdf): PDF inclus
ion: multiple pdfs with page group included in a single page
> <./svg-inkscape/Q_3_i_ou_svg-tex.pdf

pdfTeX warning: pdflatex (file ./svg-inkscape/Q_3_i_ou_svg-tex.pdf): PDF inclus
ion: multiple pdfs with page group included in a single page
> <./svg-inkscape/Q_3_i_ou_svg-tex.pdf

pdfTeX warning: pdflatex (file ./svg-inkscape/Q_3_i_ou_svg-tex.pdf): PDF inclus
ion: multiple pdfs with page group included in a single page
> <./svg-inkscape/Q_3_i_ou_svg-tex.pdf

pdfTeX warning: pdflatex (file ./svg-inkscape/Q_3_i_ou_svg-tex.pdf): PDF inclus
ion: multiple pdfs with page group included in a single page
> <./svg-inkscape/Q_3_i_ou_svg-tex.pdf

pdfTeX warning: pdflatex (file ./svg-inkscape/Q_3_i_ou_svg-tex.pdf): PDF inclus
ion: multiple pdfs with page group included in a single page
> <./svg-inkscape/Q_3_i_ou_svg-tex.pdf

pdfTeX warning: pdflatex (file ./svg-inkscape/Q_3_i_ou_svg-tex.pdf): PDF inclus
ion: multiple pdfs with page group included in a single page
> <./svg-inkscape/Q_3_i_ou_svg-tex.pdf

pdfTeX warning: pdflatex (file ./svg-inkscape/Q_3_i_ou_svg-tex.pdf): PDF inclus
ion: multiple pdfs with page group included in a single page
> <./svg-inkscape/Q_3_i_ou_svg-tex.pdf

pdfTeX warning: pdflatex (file ./svg-inkscape/Q_3_i_ou_svg-tex.pdf): PDF inclus
ion: multiple pdfs with page group included in a single page
> <./svg-inkscape/Q_3_i_ou_svg-tex.pdf

pdfTeX warning: pdflatex (file ./svg-inkscape/Q_3_i_ou_svg-tex.pdf): PDF inclus
ion: multiple pdfs with page group included in a single page
> <./svg-inkscape/Q_3_i_ou_svg-tex.pdf

pdfTeX warning: pdflatex (file ./svg-inkscape/Q_3_i_ou_svg-tex.pdf): PDF inclus
ion: multiple pdfs with page group included in a single page
> <./svg-inkscape/Q_3_i_ou_svg-tex.pdf

pdfTeX warning: pdflatex (file ./svg-inkscape/Q_3_i_ou_svg-tex.pdf): PDF inclus
ion: multiple pdfs with page group included in a single page
> <./svg-inkscape/Q_3_i_ou_svg-tex.pdf

pdfTeX warning: pdflatex (file ./svg-inkscape/Q_3_i_ou_svg-tex.pdf): PDF inclus
ion: multiple pdfs with page group included in a single page
>] (../../Lab-files/GP-Files/3/Q_3_ii.gp)
Package svg Info: Last page of `./svg-inkscape/Q_3_ii_ou_svg-tex.pdf' is 22 on 
input line 424.

(./svg-inkscape/Q_3_ii_ou_svg-tex.pdf_tex
<./svg-inkscape/Q_3_ii_ou_svg-tex.pdf, id=478, page=1, 451.6875pt x 361.35pt>
File: ./svg-inkscape/Q_3_ii_ou_svg-tex.pdf Graphic file (type pdf)
<use ./svg-inkscape/Q_3_ii_ou_svg-tex.pdf, page 1>
Package pdftex.def Info: ./svg-inkscape/Q_3_ii_ou_svg-tex.pdf , page1 used on i
nput line 56.
(pdftex.def)             Requested size: 469.75502pt x 375.82822pt.
<./svg-inkscape/Q_3_ii_ou_svg-tex.pdf, id=479, page=2, 451.6875pt x 361.35pt>
File: ./svg-inkscape/Q_3_ii_ou_svg-tex.pdf Graphic file (type pdf)
<use ./svg-inkscape/Q_3_ii_ou_svg-tex.pdf, page 2>
Package pdftex.def Info: ./svg-inkscape/Q_3_ii_ou_svg-tex.pdf , page2 used on i
nput line 58.
(pdftex.def)             Requested size: 469.75502pt x 375.82822pt.
<./svg-inkscape/Q_3_ii_ou_svg-tex.pdf, id=480, page=3, 451.6875pt x 361.35pt>
File: ./svg-inkscape/Q_3_ii_ou_svg-tex.pdf Graphic file (type pdf)
<use ./svg-inkscape/Q_3_ii_ou_svg-tex.pdf, page 3>
Package pdftex.def Info: ./svg-inkscape/Q_3_ii_ou_svg-tex.pdf , page3 used on i
nput line 60.
(pdftex.def)             Requested size: 469.75502pt x 375.82822pt.
<./svg-inkscape/Q_3_ii_ou_svg-tex.pdf, id=481, page=4, 451.6875pt x 361.35pt>
File: ./svg-inkscape/Q_3_ii_ou_svg-tex.pdf Graphic file (type pdf)
<use ./svg-inkscape/Q_3_ii_ou_svg-tex.pdf, page 4>
Package pdftex.def Info: ./svg-inkscape/Q_3_ii_ou_svg-tex.pdf , page4 used on i
nput line 62.
(pdftex.def)             Requested size: 469.75502pt x 375.82822pt.
<./svg-inkscape/Q_3_ii_ou_svg-tex.pdf, id=482, page=5, 451.6875pt x 361.35pt>
File: ./svg-inkscape/Q_3_ii_ou_svg-tex.pdf Graphic file (type pdf)
<use ./svg-inkscape/Q_3_ii_ou_svg-tex.pdf, page 5>
Package pdftex.def Info: ./svg-inkscape/Q_3_ii_ou_svg-tex.pdf , page5 used on i
nput line 64.
(pdftex.def)             Requested size: 469.75502pt x 375.82822pt.
<./svg-inkscape/Q_3_ii_ou_svg-tex.pdf, id=483, page=6, 451.6875pt x 361.35pt>
File: ./svg-inkscape/Q_3_ii_ou_svg-tex.pdf Graphic file (type pdf)
<use ./svg-inkscape/Q_3_ii_ou_svg-tex.pdf, page 6>
Package pdftex.def Info: ./svg-inkscape/Q_3_ii_ou_svg-tex.pdf , page6 used on i
nput line 66.
(pdftex.def)             Requested size: 469.75502pt x 375.82822pt.
<./svg-inkscape/Q_3_ii_ou_svg-tex.pdf, id=484, page=7, 451.6875pt x 361.35pt>
File: ./svg-inkscape/Q_3_ii_ou_svg-tex.pdf Graphic file (type pdf)
<use ./svg-inkscape/Q_3_ii_ou_svg-tex.pdf, page 7>
Package pdftex.def Info: ./svg-inkscape/Q_3_ii_ou_svg-tex.pdf , page7 used on i
nput line 68.
(pdftex.def)             Requested size: 469.75502pt x 375.82822pt.
<./svg-inkscape/Q_3_ii_ou_svg-tex.pdf, id=485, page=8, 451.6875pt x 361.35pt>
File: ./svg-inkscape/Q_3_ii_ou_svg-tex.pdf Graphic file (type pdf)
<use ./svg-inkscape/Q_3_ii_ou_svg-tex.pdf, page 8>
Package pdftex.def Info: ./svg-inkscape/Q_3_ii_ou_svg-tex.pdf , page8 used on i
nput line 70.
(pdftex.def)             Requested size: 469.75502pt x 375.82822pt.
<./svg-inkscape/Q_3_ii_ou_svg-tex.pdf, id=486, page=9, 451.6875pt x 361.35pt>
File: ./svg-inkscape/Q_3_ii_ou_svg-tex.pdf Graphic file (type pdf)
<use ./svg-inkscape/Q_3_ii_ou_svg-tex.pdf, page 9>
Package pdftex.def Info: ./svg-inkscape/Q_3_ii_ou_svg-tex.pdf , page9 used on i
nput line 72.
(pdftex.def)             Requested size: 469.75502pt x 375.82822pt.
<./svg-inkscape/Q_3_ii_ou_svg-tex.pdf, id=487, page=10, 451.6875pt x 361.35pt>
File: ./svg-inkscape/Q_3_ii_ou_svg-tex.pdf Graphic file (type pdf)
<use ./svg-inkscape/Q_3_ii_ou_svg-tex.pdf, page 10>
Package pdftex.def Info: ./svg-inkscape/Q_3_ii_ou_svg-tex.pdf , page10 used on 
input line 74.
(pdftex.def)             Requested size: 469.75502pt x 375.82822pt.
<./svg-inkscape/Q_3_ii_ou_svg-tex.pdf, id=488, page=11, 451.6875pt x 361.35pt>
File: ./svg-inkscape/Q_3_ii_ou_svg-tex.pdf Graphic file (type pdf)
<use ./svg-inkscape/Q_3_ii_ou_svg-tex.pdf, page 11>
Package pdftex.def Info: ./svg-inkscape/Q_3_ii_ou_svg-tex.pdf , page11 used on 
input line 76.
(pdftex.def)             Requested size: 469.75502pt x 375.82822pt.
<./svg-inkscape/Q_3_ii_ou_svg-tex.pdf, id=489, page=12, 451.6875pt x 361.35pt>
File: ./svg-inkscape/Q_3_ii_ou_svg-tex.pdf Graphic file (type pdf)
<use ./svg-inkscape/Q_3_ii_ou_svg-tex.pdf, page 12>
Package pdftex.def Info: ./svg-inkscape/Q_3_ii_ou_svg-tex.pdf , page12 used on 
input line 78.
(pdftex.def)             Requested size: 469.75502pt x 375.82822pt.
<./svg-inkscape/Q_3_ii_ou_svg-tex.pdf, id=490, page=13, 451.6875pt x 361.35pt>
File: ./svg-inkscape/Q_3_ii_ou_svg-tex.pdf Graphic file (type pdf)
<use ./svg-inkscape/Q_3_ii_ou_svg-tex.pdf, page 13>
Package pdftex.def Info: ./svg-inkscape/Q_3_ii_ou_svg-tex.pdf , page13 used on 
input line 80.
(pdftex.def)             Requested size: 469.75502pt x 375.82822pt.
<./svg-inkscape/Q_3_ii_ou_svg-tex.pdf, id=491, page=14, 451.6875pt x 361.35pt>
File: ./svg-inkscape/Q_3_ii_ou_svg-tex.pdf Graphic file (type pdf)
<use ./svg-inkscape/Q_3_ii_ou_svg-tex.pdf, page 14>
Package pdftex.def Info: ./svg-inkscape/Q_3_ii_ou_svg-tex.pdf , page14 used on 
input line 82.
(pdftex.def)             Requested size: 469.75502pt x 375.82822pt.
<./svg-inkscape/Q_3_ii_ou_svg-tex.pdf, id=492, page=15, 451.6875pt x 361.35pt>
File: ./svg-inkscape/Q_3_ii_ou_svg-tex.pdf Graphic file (type pdf)
<use ./svg-inkscape/Q_3_ii_ou_svg-tex.pdf, page 15>
Package pdftex.def Info: ./svg-inkscape/Q_3_ii_ou_svg-tex.pdf , page15 used on 
input line 84.
(pdftex.def)             Requested size: 469.75502pt x 375.82822pt.
<./svg-inkscape/Q_3_ii_ou_svg-tex.pdf, id=493, page=16, 451.6875pt x 361.35pt>
File: ./svg-inkscape/Q_3_ii_ou_svg-tex.pdf Graphic file (type pdf)
<use ./svg-inkscape/Q_3_ii_ou_svg-tex.pdf, page 16>
Package pdftex.def Info: ./svg-inkscape/Q_3_ii_ou_svg-tex.pdf , page16 used on 
input line 86.
(pdftex.def)             Requested size: 469.75502pt x 375.82822pt.
<./svg-inkscape/Q_3_ii_ou_svg-tex.pdf, id=494, page=17, 451.6875pt x 361.35pt>
File: ./svg-inkscape/Q_3_ii_ou_svg-tex.pdf Graphic file (type pdf)
<use ./svg-inkscape/Q_3_ii_ou_svg-tex.pdf, page 17>
Package pdftex.def Info: ./svg-inkscape/Q_3_ii_ou_svg-tex.pdf , page17 used on 
input line 88.
(pdftex.def)             Requested size: 469.75502pt x 375.82822pt.
<./svg-inkscape/Q_3_ii_ou_svg-tex.pdf, id=495, page=18, 451.6875pt x 361.35pt>
File: ./svg-inkscape/Q_3_ii_ou_svg-tex.pdf Graphic file (type pdf)
<use ./svg-inkscape/Q_3_ii_ou_svg-tex.pdf, page 18>
Package pdftex.def Info: ./svg-inkscape/Q_3_ii_ou_svg-tex.pdf , page18 used on 
input line 90.
(pdftex.def)             Requested size: 469.75502pt x 375.82822pt.
<./svg-inkscape/Q_3_ii_ou_svg-tex.pdf, id=496, page=19, 451.6875pt x 361.35pt>
File: ./svg-inkscape/Q_3_ii_ou_svg-tex.pdf Graphic file (type pdf)
<use ./svg-inkscape/Q_3_ii_ou_svg-tex.pdf, page 19>
Package pdftex.def Info: ./svg-inkscape/Q_3_ii_ou_svg-tex.pdf , page19 used on 
input line 92.
(pdftex.def)             Requested size: 469.75502pt x 375.82822pt.
<./svg-inkscape/Q_3_ii_ou_svg-tex.pdf, id=497, page=20, 451.6875pt x 361.35pt>
File: ./svg-inkscape/Q_3_ii_ou_svg-tex.pdf Graphic file (type pdf)
<use ./svg-inkscape/Q_3_ii_ou_svg-tex.pdf, page 20>
Package pdftex.def Info: ./svg-inkscape/Q_3_ii_ou_svg-tex.pdf , page20 used on 
input line 94.
(pdftex.def)             Requested size: 469.75502pt x 375.82822pt.
<./svg-inkscape/Q_3_ii_ou_svg-tex.pdf, id=498, page=21, 451.6875pt x 361.35pt>
File: ./svg-inkscape/Q_3_ii_ou_svg-tex.pdf Graphic file (type pdf)
<use ./svg-inkscape/Q_3_ii_ou_svg-tex.pdf, page 21>
Package pdftex.def Info: ./svg-inkscape/Q_3_ii_ou_svg-tex.pdf , page21 used on 
input line 97.
(pdftex.def)             Requested size: 469.75502pt x 375.82822pt.
<./svg-inkscape/Q_3_ii_ou_svg-tex.pdf, id=499, page=22, 451.6875pt x 361.35pt>
File: ./svg-inkscape/Q_3_ii_ou_svg-tex.pdf Graphic file (type pdf)
<use ./svg-inkscape/Q_3_ii_ou_svg-tex.pdf, page 22>
Package pdftex.def Info: ./svg-inkscape/Q_3_ii_ou_svg-tex.pdf , page22 used on 
input line 99.
(pdftex.def)             Requested size: 469.75502pt x 375.82822pt.
) [32] [33 <./svg-inkscape/Q_3_ii_ou_svg-tex.pdf> <./svg-inkscape/Q_3_ii_ou_svg
-tex.pdf

pdfTeX warning: pdflatex (file ./svg-inkscape/Q_3_ii_ou_svg-tex.pdf): PDF inclu
sion: multiple pdfs with page group included in a single page
> <./svg-inkscape/Q_3_ii_ou_svg-tex.pdf

pdfTeX warning: pdflatex (file ./svg-inkscape/Q_3_ii_ou_svg-tex.pdf): PDF inclu
sion: multiple pdfs with page group included in a single page
> <./svg-inkscape/Q_3_ii_ou_svg-tex.pdf

pdfTeX warning: pdflatex (file ./svg-inkscape/Q_3_ii_ou_svg-tex.pdf): PDF inclu
sion: multiple pdfs with page group included in a single page
> <./svg-inkscape/Q_3_ii_ou_svg-tex.pdf

pdfTeX warning: pdflatex (file ./svg-inkscape/Q_3_ii_ou_svg-tex.pdf): PDF inclu
sion: multiple pdfs with page group included in a single page
> <./svg-inkscape/Q_3_ii_ou_svg-tex.pdf

pdfTeX warning: pdflatex (file ./svg-inkscape/Q_3_ii_ou_svg-tex.pdf): PDF inclu
sion: multiple pdfs with page group included in a single page
> <./svg-inkscape/Q_3_ii_ou_svg-tex.pdf

pdfTeX warning: pdflatex (file ./svg-inkscape/Q_3_ii_ou_svg-tex.pdf): PDF inclu
sion: multiple pdfs with page group included in a single page
> <./svg-inkscape/Q_3_ii_ou_svg-tex.pdf

pdfTeX warning: pdflatex (file ./svg-inkscape/Q_3_ii_ou_svg-tex.pdf): PDF inclu
sion: multiple pdfs with page group included in a single page
> <./svg-inkscape/Q_3_ii_ou_svg-tex.pdf

pdfTeX warning: pdflatex (file ./svg-inkscape/Q_3_ii_ou_svg-tex.pdf): PDF inclu
sion: multiple pdfs with page group included in a single page
> <./svg-inkscape/Q_3_ii_ou_svg-tex.pdf

pdfTeX warning: pdflatex (file ./svg-inkscape/Q_3_ii_ou_svg-tex.pdf): PDF inclu
sion: multiple pdfs with page group included in a single page
> <./svg-inkscape/Q_3_ii_ou_svg-tex.pdf

pdfTeX warning: pdflatex (file ./svg-inkscape/Q_3_ii_ou_svg-tex.pdf): PDF inclu
sion: multiple pdfs with page group included in a single page
> <./svg-inkscape/Q_3_ii_ou_svg-tex.pdf

pdfTeX warning: pdflatex (file ./svg-inkscape/Q_3_ii_ou_svg-tex.pdf): PDF inclu
sion: multiple pdfs with page group included in a single page
> <./svg-inkscape/Q_3_ii_ou_svg-tex.pdf

pdfTeX warning: pdflatex (file ./svg-inkscape/Q_3_ii_ou_svg-tex.pdf): PDF inclu
sion: multiple pdfs with page group included in a single page
> <./svg-inkscape/Q_3_ii_ou_svg-tex.pdf

pdfTeX warning: pdflatex (file ./svg-inkscape/Q_3_ii_ou_svg-tex.pdf): PDF inclu
sion: multiple pdfs with page group included in a single page
> <./svg-inkscape/Q_3_ii_ou_svg-tex.pdf

pdfTeX warning: pdflatex (file ./svg-inkscape/Q_3_ii_ou_svg-tex.pdf): PDF inclu
sion: multiple pdfs with page group included in a single page
> <./svg-inkscape/Q_3_ii_ou_svg-tex.pdf

pdfTeX warning: pdflatex (file ./svg-inkscape/Q_3_ii_ou_svg-tex.pdf): PDF inclu
sion: multiple pdfs with page group included in a single page
> <./svg-inkscape/Q_3_ii_ou_svg-tex.pdf

pdfTeX warning: pdflatex (file ./svg-inkscape/Q_3_ii_ou_svg-tex.pdf): PDF inclu
sion: multiple pdfs with page group included in a single page
> <./svg-inkscape/Q_3_ii_ou_svg-tex.pdf

pdfTeX warning: pdflatex (file ./svg-inkscape/Q_3_ii_ou_svg-tex.pdf): PDF inclu
sion: multiple pdfs with page group included in a single page
> <./svg-inkscape/Q_3_ii_ou_svg-tex.pdf

pdfTeX warning: pdflatex (file ./svg-inkscape/Q_3_ii_ou_svg-tex.pdf): PDF inclu
sion: multiple pdfs with page group included in a single page
> <./svg-inkscape/Q_3_ii_ou_svg-tex.pdf

pdfTeX warning: pdflatex (file ./svg-inkscape/Q_3_ii_ou_svg-tex.pdf): PDF inclu
sion: multiple pdfs with page group included in a single page
> <./svg-inkscape/Q_3_ii_ou_svg-tex.pdf

pdfTeX warning: pdflatex (file ./svg-inkscape/Q_3_ii_ou_svg-tex.pdf): PDF inclu
sion: multiple pdfs with page group included in a single page
> <./svg-inkscape/Q_3_ii_ou_svg-tex.pdf

pdfTeX warning: pdflatex (file ./svg-inkscape/Q_3_ii_ou_svg-tex.pdf): PDF inclu
sion: multiple pdfs with page group included in a single page
>] (../../Lab-files/GP-Files/3/Q_3_iii.gp)
Package svg Info: Last page of `./svg-inkscape/Q_3_iii_ou_svg-tex.pdf' is 20 on
 input line 436.

(./svg-inkscape/Q_3_iii_ou_svg-tex.pdf_tex
<./svg-inkscape/Q_3_iii_ou_svg-tex.pdf, id=509, page=1, 451.6875pt x 361.35pt>
File: ./svg-inkscape/Q_3_iii_ou_svg-tex.pdf Graphic file (type pdf)
<use ./svg-inkscape/Q_3_iii_ou_svg-tex.pdf, page 1>
Package pdftex.def Info: ./svg-inkscape/Q_3_iii_ou_svg-tex.pdf , page1 used on 
input line 56.
(pdftex.def)             Requested size: 469.75502pt x 375.82822pt.
<./svg-inkscape/Q_3_iii_ou_svg-tex.pdf, id=510, page=2, 451.6875pt x 361.35pt>
File: ./svg-inkscape/Q_3_iii_ou_svg-tex.pdf Graphic file (type pdf)
<use ./svg-inkscape/Q_3_iii_ou_svg-tex.pdf, page 2>
Package pdftex.def Info: ./svg-inkscape/Q_3_iii_ou_svg-tex.pdf , page2 used on 
input line 58.
(pdftex.def)             Requested size: 469.75502pt x 375.82822pt.
<./svg-inkscape/Q_3_iii_ou_svg-tex.pdf, id=511, page=3, 451.6875pt x 361.35pt>
File: ./svg-inkscape/Q_3_iii_ou_svg-tex.pdf Graphic file (type pdf)
<use ./svg-inkscape/Q_3_iii_ou_svg-tex.pdf, page 3>
Package pdftex.def Info: ./svg-inkscape/Q_3_iii_ou_svg-tex.pdf , page3 used on 
input line 60.
(pdftex.def)             Requested size: 469.75502pt x 375.82822pt.
<./svg-inkscape/Q_3_iii_ou_svg-tex.pdf, id=512, page=4, 451.6875pt x 361.35pt>
File: ./svg-inkscape/Q_3_iii_ou_svg-tex.pdf Graphic file (type pdf)
<use ./svg-inkscape/Q_3_iii_ou_svg-tex.pdf, page 4>
Package pdftex.def Info: ./svg-inkscape/Q_3_iii_ou_svg-tex.pdf , page4 used on 
input line 62.
(pdftex.def)             Requested size: 469.75502pt x 375.82822pt.
<./svg-inkscape/Q_3_iii_ou_svg-tex.pdf, id=513, page=5, 451.6875pt x 361.35pt>
File: ./svg-inkscape/Q_3_iii_ou_svg-tex.pdf Graphic file (type pdf)
<use ./svg-inkscape/Q_3_iii_ou_svg-tex.pdf, page 5>
Package pdftex.def Info: ./svg-inkscape/Q_3_iii_ou_svg-tex.pdf , page5 used on 
input line 64.
(pdftex.def)             Requested size: 469.75502pt x 375.82822pt.
<./svg-inkscape/Q_3_iii_ou_svg-tex.pdf, id=514, page=6, 451.6875pt x 361.35pt>
File: ./svg-inkscape/Q_3_iii_ou_svg-tex.pdf Graphic file (type pdf)
<use ./svg-inkscape/Q_3_iii_ou_svg-tex.pdf, page 6>
Package pdftex.def Info: ./svg-inkscape/Q_3_iii_ou_svg-tex.pdf , page6 used on 
input line 66.
(pdftex.def)             Requested size: 469.75502pt x 375.82822pt.
<./svg-inkscape/Q_3_iii_ou_svg-tex.pdf, id=515, page=7, 451.6875pt x 361.35pt>
File: ./svg-inkscape/Q_3_iii_ou_svg-tex.pdf Graphic file (type pdf)
<use ./svg-inkscape/Q_3_iii_ou_svg-tex.pdf, page 7>
Package pdftex.def Info: ./svg-inkscape/Q_3_iii_ou_svg-tex.pdf , page7 used on 
input line 68.
(pdftex.def)             Requested size: 469.75502pt x 375.82822pt.
<./svg-inkscape/Q_3_iii_ou_svg-tex.pdf, id=516, page=8, 451.6875pt x 361.35pt>
File: ./svg-inkscape/Q_3_iii_ou_svg-tex.pdf Graphic file (type pdf)
<use ./svg-inkscape/Q_3_iii_ou_svg-tex.pdf, page 8>
Package pdftex.def Info: ./svg-inkscape/Q_3_iii_ou_svg-tex.pdf , page8 used on 
input line 70.
(pdftex.def)             Requested size: 469.75502pt x 375.82822pt.
<./svg-inkscape/Q_3_iii_ou_svg-tex.pdf, id=517, page=9, 451.6875pt x 361.35pt>
File: ./svg-inkscape/Q_3_iii_ou_svg-tex.pdf Graphic file (type pdf)
<use ./svg-inkscape/Q_3_iii_ou_svg-tex.pdf, page 9>
Package pdftex.def Info: ./svg-inkscape/Q_3_iii_ou_svg-tex.pdf , page9 used on 
input line 72.
(pdftex.def)             Requested size: 469.75502pt x 375.82822pt.
<./svg-inkscape/Q_3_iii_ou_svg-tex.pdf, id=518, page=10, 451.6875pt x 361.35pt>

File: ./svg-inkscape/Q_3_iii_ou_svg-tex.pdf Graphic file (type pdf)
<use ./svg-inkscape/Q_3_iii_ou_svg-tex.pdf, page 10>
Package pdftex.def Info: ./svg-inkscape/Q_3_iii_ou_svg-tex.pdf , page10 used on
 input line 74.
(pdftex.def)             Requested size: 469.75502pt x 375.82822pt.
<./svg-inkscape/Q_3_iii_ou_svg-tex.pdf, id=519, page=11, 451.6875pt x 361.35pt>

File: ./svg-inkscape/Q_3_iii_ou_svg-tex.pdf Graphic file (type pdf)
<use ./svg-inkscape/Q_3_iii_ou_svg-tex.pdf, page 11>
Package pdftex.def Info: ./svg-inkscape/Q_3_iii_ou_svg-tex.pdf , page11 used on
 input line 76.
(pdftex.def)             Requested size: 469.75502pt x 375.82822pt.
<./svg-inkscape/Q_3_iii_ou_svg-tex.pdf, id=520, page=12, 451.6875pt x 361.35pt>

File: ./svg-inkscape/Q_3_iii_ou_svg-tex.pdf Graphic file (type pdf)
<use ./svg-inkscape/Q_3_iii_ou_svg-tex.pdf, page 12>
Package pdftex.def Info: ./svg-inkscape/Q_3_iii_ou_svg-tex.pdf , page12 used on
 input line 78.
(pdftex.def)             Requested size: 469.75502pt x 375.82822pt.
<./svg-inkscape/Q_3_iii_ou_svg-tex.pdf, id=521, page=13, 451.6875pt x 361.35pt>

File: ./svg-inkscape/Q_3_iii_ou_svg-tex.pdf Graphic file (type pdf)
<use ./svg-inkscape/Q_3_iii_ou_svg-tex.pdf, page 13>
Package pdftex.def Info: ./svg-inkscape/Q_3_iii_ou_svg-tex.pdf , page13 used on
 input line 80.
(pdftex.def)             Requested size: 469.75502pt x 375.82822pt.
<./svg-inkscape/Q_3_iii_ou_svg-tex.pdf, id=522, page=14, 451.6875pt x 361.35pt>

File: ./svg-inkscape/Q_3_iii_ou_svg-tex.pdf Graphic file (type pdf)
<use ./svg-inkscape/Q_3_iii_ou_svg-tex.pdf, page 14>
Package pdftex.def Info: ./svg-inkscape/Q_3_iii_ou_svg-tex.pdf , page14 used on
 input line 82.
(pdftex.def)             Requested size: 469.75502pt x 375.82822pt.
<./svg-inkscape/Q_3_iii_ou_svg-tex.pdf, id=523, page=15, 451.6875pt x 361.35pt>

File: ./svg-inkscape/Q_3_iii_ou_svg-tex.pdf Graphic file (type pdf)
<use ./svg-inkscape/Q_3_iii_ou_svg-tex.pdf, page 15>
Package pdftex.def Info: ./svg-inkscape/Q_3_iii_ou_svg-tex.pdf , page15 used on
 input line 84.
(pdftex.def)             Requested size: 469.75502pt x 375.82822pt.
<./svg-inkscape/Q_3_iii_ou_svg-tex.pdf, id=524, page=16, 451.6875pt x 361.35pt>

File: ./svg-inkscape/Q_3_iii_ou_svg-tex.pdf Graphic file (type pdf)
<use ./svg-inkscape/Q_3_iii_ou_svg-tex.pdf, page 16>
Package pdftex.def Info: ./svg-inkscape/Q_3_iii_ou_svg-tex.pdf , page16 used on
 input line 86.
(pdftex.def)             Requested size: 469.75502pt x 375.82822pt.
<./svg-inkscape/Q_3_iii_ou_svg-tex.pdf, id=525, page=17, 451.6875pt x 361.35pt>

File: ./svg-inkscape/Q_3_iii_ou_svg-tex.pdf Graphic file (type pdf)
<use ./svg-inkscape/Q_3_iii_ou_svg-tex.pdf, page 17>
Package pdftex.def Info: ./svg-inkscape/Q_3_iii_ou_svg-tex.pdf , page17 used on
 input line 88.
(pdftex.def)             Requested size: 469.75502pt x 375.82822pt.
<./svg-inkscape/Q_3_iii_ou_svg-tex.pdf, id=526, page=18, 451.6875pt x 361.35pt>

File: ./svg-inkscape/Q_3_iii_ou_svg-tex.pdf Graphic file (type pdf)
<use ./svg-inkscape/Q_3_iii_ou_svg-tex.pdf, page 18>
Package pdftex.def Info: ./svg-inkscape/Q_3_iii_ou_svg-tex.pdf , page18 used on
 input line 90.
(pdftex.def)             Requested size: 469.75502pt x 375.82822pt.
<./svg-inkscape/Q_3_iii_ou_svg-tex.pdf, id=527, page=19, 451.6875pt x 361.35pt>

File: ./svg-inkscape/Q_3_iii_ou_svg-tex.pdf Graphic file (type pdf)
<use ./svg-inkscape/Q_3_iii_ou_svg-tex.pdf, page 19>
Package pdftex.def Info: ./svg-inkscape/Q_3_iii_ou_svg-tex.pdf , page19 used on
 input line 92.
(pdftex.def)             Requested size: 469.75502pt x 375.82822pt.
<./svg-inkscape/Q_3_iii_ou_svg-tex.pdf, id=528, page=20, 451.6875pt x 361.35pt>

File: ./svg-inkscape/Q_3_iii_ou_svg-tex.pdf Graphic file (type pdf)
<use ./svg-inkscape/Q_3_iii_ou_svg-tex.pdf, page 20>
Package pdftex.def Info: ./svg-inkscape/Q_3_iii_ou_svg-tex.pdf , page20 used on
 input line 94.
(pdftex.def)             Requested size: 469.75502pt x 375.82822pt.
) [34] [35 <./svg-inkscape/Q_3_iii_ou_svg-tex.pdf> <./svg-inkscape/Q_3_iii_ou_s
vg-tex.pdf

pdfTeX warning: pdflatex (file ./svg-inkscape/Q_3_iii_ou_svg-tex.pdf): PDF incl
usion: multiple pdfs with page group included in a single page
> <./svg-inkscape/Q_3_iii_ou_svg-tex.pdf

pdfTeX warning: pdflatex (file ./svg-inkscape/Q_3_iii_ou_svg-tex.pdf): PDF incl
usion: multiple pdfs with page group included in a single page
> <./svg-inkscape/Q_3_iii_ou_svg-tex.pdf

pdfTeX warning: pdflatex (file ./svg-inkscape/Q_3_iii_ou_svg-tex.pdf): PDF incl
usion: multiple pdfs with page group included in a single page
> <./svg-inkscape/Q_3_iii_ou_svg-tex.pdf

pdfTeX warning: pdflatex (file ./svg-inkscape/Q_3_iii_ou_svg-tex.pdf): PDF incl
usion: multiple pdfs with page group included in a single page
> <./svg-inkscape/Q_3_iii_ou_svg-tex.pdf

pdfTeX warning: pdflatex (file ./svg-inkscape/Q_3_iii_ou_svg-tex.pdf): PDF incl
usion: multiple pdfs with page group included in a single page
> <./svg-inkscape/Q_3_iii_ou_svg-tex.pdf

pdfTeX warning: pdflatex (file ./svg-inkscape/Q_3_iii_ou_svg-tex.pdf): PDF incl
usion: multiple pdfs with page group included in a single page
> <./svg-inkscape/Q_3_iii_ou_svg-tex.pdf

pdfTeX warning: pdflatex (file ./svg-inkscape/Q_3_iii_ou_svg-tex.pdf): PDF incl
usion: multiple pdfs with page group included in a single page
> <./svg-inkscape/Q_3_iii_ou_svg-tex.pdf

pdfTeX warning: pdflatex (file ./svg-inkscape/Q_3_iii_ou_svg-tex.pdf): PDF incl
usion: multiple pdfs with page group included in a single page
> <./svg-inkscape/Q_3_iii_ou_svg-tex.pdf

pdfTeX warning: pdflatex (file ./svg-inkscape/Q_3_iii_ou_svg-tex.pdf): PDF incl
usion: multiple pdfs with page group included in a single page
> <./svg-inkscape/Q_3_iii_ou_svg-tex.pdf

pdfTeX warning: pdflatex (file ./svg-inkscape/Q_3_iii_ou_svg-tex.pdf): PDF incl
usion: multiple pdfs with page group included in a single page
> <./svg-inkscape/Q_3_iii_ou_svg-tex.pdf

pdfTeX warning: pdflatex (file ./svg-inkscape/Q_3_iii_ou_svg-tex.pdf): PDF incl
usion: multiple pdfs with page group included in a single page
> <./svg-inkscape/Q_3_iii_ou_svg-tex.pdf

pdfTeX warning: pdflatex (file ./svg-inkscape/Q_3_iii_ou_svg-tex.pdf): PDF incl
usion: multiple pdfs with page group included in a single page
> <./svg-inkscape/Q_3_iii_ou_svg-tex.pdf

pdfTeX warning: pdflatex (file ./svg-inkscape/Q_3_iii_ou_svg-tex.pdf): PDF incl
usion: multiple pdfs with page group included in a single page
> <./svg-inkscape/Q_3_iii_ou_svg-tex.pdf

pdfTeX warning: pdflatex (file ./svg-inkscape/Q_3_iii_ou_svg-tex.pdf): PDF incl
usion: multiple pdfs with page group included in a single page
> <./svg-inkscape/Q_3_iii_ou_svg-tex.pdf

pdfTeX warning: pdflatex (file ./svg-inkscape/Q_3_iii_ou_svg-tex.pdf): PDF incl
usion: multiple pdfs with page group included in a single page
> <./svg-inkscape/Q_3_iii_ou_svg-tex.pdf

pdfTeX warning: pdflatex (file ./svg-inkscape/Q_3_iii_ou_svg-tex.pdf): PDF incl
usion: multiple pdfs with page group included in a single page
> <./svg-inkscape/Q_3_iii_ou_svg-tex.pdf

pdfTeX warning: pdflatex (file ./svg-inkscape/Q_3_iii_ou_svg-tex.pdf): PDF incl
usion: multiple pdfs with page group included in a single page
> <./svg-inkscape/Q_3_iii_ou_svg-tex.pdf

pdfTeX warning: pdflatex (file ./svg-inkscape/Q_3_iii_ou_svg-tex.pdf): PDF incl
usion: multiple pdfs with page group included in a single page
> <./svg-inkscape/Q_3_iii_ou_svg-tex.pdf

pdfTeX warning: pdflatex (file ./svg-inkscape/Q_3_iii_ou_svg-tex.pdf): PDF incl
usion: multiple pdfs with page group included in a single page
>] (../../Lab-files/GP-Files/3/Q_3_iv.gp)
Package svg Info: Last page of `./svg-inkscape/Q_3_iv_ou_svg-tex.pdf' is 25 on 
input line 448.

(./svg-inkscape/Q_3_iv_ou_svg-tex.pdf_tex
<./svg-inkscape/Q_3_iv_ou_svg-tex.pdf, id=539, page=1, 451.6875pt x 361.35pt>
File: ./svg-inkscape/Q_3_iv_ou_svg-tex.pdf Graphic file (type pdf)
<use ./svg-inkscape/Q_3_iv_ou_svg-tex.pdf, page 1>
Package pdftex.def Info: ./svg-inkscape/Q_3_iv_ou_svg-tex.pdf , page1 used on i
nput line 56.
(pdftex.def)             Requested size: 469.75502pt x 375.82822pt.
<./svg-inkscape/Q_3_iv_ou_svg-tex.pdf, id=540, page=2, 451.6875pt x 361.35pt>
File: ./svg-inkscape/Q_3_iv_ou_svg-tex.pdf Graphic file (type pdf)
<use ./svg-inkscape/Q_3_iv_ou_svg-tex.pdf, page 2>
Package pdftex.def Info: ./svg-inkscape/Q_3_iv_ou_svg-tex.pdf , page2 used on i
nput line 58.
(pdftex.def)             Requested size: 469.75502pt x 375.82822pt.
<./svg-inkscape/Q_3_iv_ou_svg-tex.pdf, id=541, page=3, 451.6875pt x 361.35pt>
File: ./svg-inkscape/Q_3_iv_ou_svg-tex.pdf Graphic file (type pdf)
<use ./svg-inkscape/Q_3_iv_ou_svg-tex.pdf, page 3>
Package pdftex.def Info: ./svg-inkscape/Q_3_iv_ou_svg-tex.pdf , page3 used on i
nput line 60.
(pdftex.def)             Requested size: 469.75502pt x 375.82822pt.
<./svg-inkscape/Q_3_iv_ou_svg-tex.pdf, id=542, page=4, 451.6875pt x 361.35pt>
File: ./svg-inkscape/Q_3_iv_ou_svg-tex.pdf Graphic file (type pdf)
<use ./svg-inkscape/Q_3_iv_ou_svg-tex.pdf, page 4>
Package pdftex.def Info: ./svg-inkscape/Q_3_iv_ou_svg-tex.pdf , page4 used on i
nput line 62.
(pdftex.def)             Requested size: 469.75502pt x 375.82822pt.
<./svg-inkscape/Q_3_iv_ou_svg-tex.pdf, id=543, page=5, 451.6875pt x 361.35pt>
File: ./svg-inkscape/Q_3_iv_ou_svg-tex.pdf Graphic file (type pdf)
<use ./svg-inkscape/Q_3_iv_ou_svg-tex.pdf, page 5>
Package pdftex.def Info: ./svg-inkscape/Q_3_iv_ou_svg-tex.pdf , page5 used on i
nput line 64.
(pdftex.def)             Requested size: 469.75502pt x 375.82822pt.
<./svg-inkscape/Q_3_iv_ou_svg-tex.pdf, id=544, page=6, 451.6875pt x 361.35pt>
File: ./svg-inkscape/Q_3_iv_ou_svg-tex.pdf Graphic file (type pdf)
<use ./svg-inkscape/Q_3_iv_ou_svg-tex.pdf, page 6>
Package pdftex.def Info: ./svg-inkscape/Q_3_iv_ou_svg-tex.pdf , page6 used on i
nput line 66.
(pdftex.def)             Requested size: 469.75502pt x 375.82822pt.
<./svg-inkscape/Q_3_iv_ou_svg-tex.pdf, id=545, page=7, 451.6875pt x 361.35pt>
File: ./svg-inkscape/Q_3_iv_ou_svg-tex.pdf Graphic file (type pdf)
<use ./svg-inkscape/Q_3_iv_ou_svg-tex.pdf, page 7>
Package pdftex.def Info: ./svg-inkscape/Q_3_iv_ou_svg-tex.pdf , page7 used on i
nput line 68.
(pdftex.def)             Requested size: 469.75502pt x 375.82822pt.
<./svg-inkscape/Q_3_iv_ou_svg-tex.pdf, id=546, page=8, 451.6875pt x 361.35pt>
File: ./svg-inkscape/Q_3_iv_ou_svg-tex.pdf Graphic file (type pdf)
<use ./svg-inkscape/Q_3_iv_ou_svg-tex.pdf, page 8>
Package pdftex.def Info: ./svg-inkscape/Q_3_iv_ou_svg-tex.pdf , page8 used on i
nput line 70.
(pdftex.def)             Requested size: 469.75502pt x 375.82822pt.
<./svg-inkscape/Q_3_iv_ou_svg-tex.pdf, id=547, page=9, 451.6875pt x 361.35pt>
File: ./svg-inkscape/Q_3_iv_ou_svg-tex.pdf Graphic file (type pdf)
<use ./svg-inkscape/Q_3_iv_ou_svg-tex.pdf, page 9>
Package pdftex.def Info: ./svg-inkscape/Q_3_iv_ou_svg-tex.pdf , page9 used on i
nput line 72.
(pdftex.def)             Requested size: 469.75502pt x 375.82822pt.
<./svg-inkscape/Q_3_iv_ou_svg-tex.pdf, id=548, page=10, 451.6875pt x 361.35pt>
File: ./svg-inkscape/Q_3_iv_ou_svg-tex.pdf Graphic file (type pdf)
<use ./svg-inkscape/Q_3_iv_ou_svg-tex.pdf, page 10>
Package pdftex.def Info: ./svg-inkscape/Q_3_iv_ou_svg-tex.pdf , page10 used on 
input line 74.
(pdftex.def)             Requested size: 469.75502pt x 375.82822pt.
<./svg-inkscape/Q_3_iv_ou_svg-tex.pdf, id=549, page=11, 451.6875pt x 361.35pt>
File: ./svg-inkscape/Q_3_iv_ou_svg-tex.pdf Graphic file (type pdf)
<use ./svg-inkscape/Q_3_iv_ou_svg-tex.pdf, page 11>
Package pdftex.def Info: ./svg-inkscape/Q_3_iv_ou_svg-tex.pdf , page11 used on 
input line 76.
(pdftex.def)             Requested size: 469.75502pt x 375.82822pt.
<./svg-inkscape/Q_3_iv_ou_svg-tex.pdf, id=550, page=12, 451.6875pt x 361.35pt>
File: ./svg-inkscape/Q_3_iv_ou_svg-tex.pdf Graphic file (type pdf)
<use ./svg-inkscape/Q_3_iv_ou_svg-tex.pdf, page 12>
Package pdftex.def Info: ./svg-inkscape/Q_3_iv_ou_svg-tex.pdf , page12 used on 
input line 78.
(pdftex.def)             Requested size: 469.75502pt x 375.82822pt.
<./svg-inkscape/Q_3_iv_ou_svg-tex.pdf, id=551, page=13, 451.6875pt x 361.35pt>
File: ./svg-inkscape/Q_3_iv_ou_svg-tex.pdf Graphic file (type pdf)
<use ./svg-inkscape/Q_3_iv_ou_svg-tex.pdf, page 13>
Package pdftex.def Info: ./svg-inkscape/Q_3_iv_ou_svg-tex.pdf , page13 used on 
input line 80.
(pdftex.def)             Requested size: 469.75502pt x 375.82822pt.
<./svg-inkscape/Q_3_iv_ou_svg-tex.pdf, id=552, page=14, 451.6875pt x 361.35pt>
File: ./svg-inkscape/Q_3_iv_ou_svg-tex.pdf Graphic file (type pdf)
<use ./svg-inkscape/Q_3_iv_ou_svg-tex.pdf, page 14>
Package pdftex.def Info: ./svg-inkscape/Q_3_iv_ou_svg-tex.pdf , page14 used on 
input line 82.
(pdftex.def)             Requested size: 469.75502pt x 375.82822pt.
<./svg-inkscape/Q_3_iv_ou_svg-tex.pdf, id=553, page=15, 451.6875pt x 361.35pt>
File: ./svg-inkscape/Q_3_iv_ou_svg-tex.pdf Graphic file (type pdf)
<use ./svg-inkscape/Q_3_iv_ou_svg-tex.pdf, page 15>
Package pdftex.def Info: ./svg-inkscape/Q_3_iv_ou_svg-tex.pdf , page15 used on 
input line 84.
(pdftex.def)             Requested size: 469.75502pt x 375.82822pt.
<./svg-inkscape/Q_3_iv_ou_svg-tex.pdf, id=554, page=16, 451.6875pt x 361.35pt>
File: ./svg-inkscape/Q_3_iv_ou_svg-tex.pdf Graphic file (type pdf)
<use ./svg-inkscape/Q_3_iv_ou_svg-tex.pdf, page 16>
Package pdftex.def Info: ./svg-inkscape/Q_3_iv_ou_svg-tex.pdf , page16 used on 
input line 86.
(pdftex.def)             Requested size: 469.75502pt x 375.82822pt.
<./svg-inkscape/Q_3_iv_ou_svg-tex.pdf, id=555, page=17, 451.6875pt x 361.35pt>
File: ./svg-inkscape/Q_3_iv_ou_svg-tex.pdf Graphic file (type pdf)
<use ./svg-inkscape/Q_3_iv_ou_svg-tex.pdf, page 17>
Package pdftex.def Info: ./svg-inkscape/Q_3_iv_ou_svg-tex.pdf , page17 used on 
input line 88.
(pdftex.def)             Requested size: 469.75502pt x 375.82822pt.
<./svg-inkscape/Q_3_iv_ou_svg-tex.pdf, id=556, page=18, 451.6875pt x 361.35pt>
File: ./svg-inkscape/Q_3_iv_ou_svg-tex.pdf Graphic file (type pdf)
<use ./svg-inkscape/Q_3_iv_ou_svg-tex.pdf, page 18>
Package pdftex.def Info: ./svg-inkscape/Q_3_iv_ou_svg-tex.pdf , page18 used on 
input line 90.
(pdftex.def)             Requested size: 469.75502pt x 375.82822pt.
<./svg-inkscape/Q_3_iv_ou_svg-tex.pdf, id=557, page=19, 451.6875pt x 361.35pt>
File: ./svg-inkscape/Q_3_iv_ou_svg-tex.pdf Graphic file (type pdf)
<use ./svg-inkscape/Q_3_iv_ou_svg-tex.pdf, page 19>
Package pdftex.def Info: ./svg-inkscape/Q_3_iv_ou_svg-tex.pdf , page19 used on 
input line 92.
(pdftex.def)             Requested size: 469.75502pt x 375.82822pt.
<./svg-inkscape/Q_3_iv_ou_svg-tex.pdf, id=558, page=20, 451.6875pt x 361.35pt>
File: ./svg-inkscape/Q_3_iv_ou_svg-tex.pdf Graphic file (type pdf)
<use ./svg-inkscape/Q_3_iv_ou_svg-tex.pdf, page 20>
Package pdftex.def Info: ./svg-inkscape/Q_3_iv_ou_svg-tex.pdf , page20 used on 
input line 94.
(pdftex.def)             Requested size: 469.75502pt x 375.82822pt.
<./svg-inkscape/Q_3_iv_ou_svg-tex.pdf, id=559, page=21, 451.6875pt x 361.35pt>
File: ./svg-inkscape/Q_3_iv_ou_svg-tex.pdf Graphic file (type pdf)
<use ./svg-inkscape/Q_3_iv_ou_svg-tex.pdf, page 21>
Package pdftex.def Info: ./svg-inkscape/Q_3_iv_ou_svg-tex.pdf , page21 used on 
input line 96.
(pdftex.def)             Requested size: 469.75502pt x 375.82822pt.
<./svg-inkscape/Q_3_iv_ou_svg-tex.pdf, id=560, page=22, 451.6875pt x 361.35pt>
File: ./svg-inkscape/Q_3_iv_ou_svg-tex.pdf Graphic file (type pdf)
<use ./svg-inkscape/Q_3_iv_ou_svg-tex.pdf, page 22>
Package pdftex.def Info: ./svg-inkscape/Q_3_iv_ou_svg-tex.pdf , page22 used on 
input line 98.
(pdftex.def)             Requested size: 469.75502pt x 375.82822pt.
<./svg-inkscape/Q_3_iv_ou_svg-tex.pdf, id=561, page=23, 451.6875pt x 361.35pt>
File: ./svg-inkscape/Q_3_iv_ou_svg-tex.pdf Graphic file (type pdf)
<use ./svg-inkscape/Q_3_iv_ou_svg-tex.pdf, page 23>
Package pdftex.def Info: ./svg-inkscape/Q_3_iv_ou_svg-tex.pdf , page23 used on 
input line 100.
(pdftex.def)             Requested size: 469.75502pt x 375.82822pt.
<./svg-inkscape/Q_3_iv_ou_svg-tex.pdf, id=562, page=24, 451.6875pt x 361.35pt>
File: ./svg-inkscape/Q_3_iv_ou_svg-tex.pdf Graphic file (type pdf)
<use ./svg-inkscape/Q_3_iv_ou_svg-tex.pdf, page 24>
Package pdftex.def Info: ./svg-inkscape/Q_3_iv_ou_svg-tex.pdf , page24 used on 
input line 102.
(pdftex.def)             Requested size: 469.75502pt x 375.82822pt.
<./svg-inkscape/Q_3_iv_ou_svg-tex.pdf, id=563, page=25, 451.6875pt x 361.35pt>
File: ./svg-inkscape/Q_3_iv_ou_svg-tex.pdf Graphic file (type pdf)
<use ./svg-inkscape/Q_3_iv_ou_svg-tex.pdf, page 25>
Package pdftex.def Info: ./svg-inkscape/Q_3_iv_ou_svg-tex.pdf , page25 used on 
input line 104.
(pdftex.def)             Requested size: 469.75502pt x 375.82822pt.
) [36] [37 <./svg-inkscape/Q_3_iv_ou_svg-tex.pdf> <./svg-inkscape/Q_3_iv_ou_svg
-tex.pdf

pdfTeX warning: pdflatex (file ./svg-inkscape/Q_3_iv_ou_svg-tex.pdf): PDF inclu
sion: multiple pdfs with page group included in a single page
> <./svg-inkscape/Q_3_iv_ou_svg-tex.pdf

pdfTeX warning: pdflatex (file ./svg-inkscape/Q_3_iv_ou_svg-tex.pdf): PDF inclu
sion: multiple pdfs with page group included in a single page
> <./svg-inkscape/Q_3_iv_ou_svg-tex.pdf

pdfTeX warning: pdflatex (file ./svg-inkscape/Q_3_iv_ou_svg-tex.pdf): PDF inclu
sion: multiple pdfs with page group included in a single page
> <./svg-inkscape/Q_3_iv_ou_svg-tex.pdf

pdfTeX warning: pdflatex (file ./svg-inkscape/Q_3_iv_ou_svg-tex.pdf): PDF inclu
sion: multiple pdfs with page group included in a single page
> <./svg-inkscape/Q_3_iv_ou_svg-tex.pdf

pdfTeX warning: pdflatex (file ./svg-inkscape/Q_3_iv_ou_svg-tex.pdf): PDF inclu
sion: multiple pdfs with page group included in a single page
> <./svg-inkscape/Q_3_iv_ou_svg-tex.pdf

pdfTeX warning: pdflatex (file ./svg-inkscape/Q_3_iv_ou_svg-tex.pdf): PDF inclu
sion: multiple pdfs with page group included in a single page
> <./svg-inkscape/Q_3_iv_ou_svg-tex.pdf

pdfTeX warning: pdflatex (file ./svg-inkscape/Q_3_iv_ou_svg-tex.pdf): PDF inclu
sion: multiple pdfs with page group included in a single page
> <./svg-inkscape/Q_3_iv_ou_svg-tex.pdf

pdfTeX warning: pdflatex (file ./svg-inkscape/Q_3_iv_ou_svg-tex.pdf): PDF inclu
sion: multiple pdfs with page group included in a single page
> <./svg-inkscape/Q_3_iv_ou_svg-tex.pdf

pdfTeX warning: pdflatex (file ./svg-inkscape/Q_3_iv_ou_svg-tex.pdf): PDF inclu
sion: multiple pdfs with page group included in a single page
> <./svg-inkscape/Q_3_iv_ou_svg-tex.pdf

pdfTeX warning: pdflatex (file ./svg-inkscape/Q_3_iv_ou_svg-tex.pdf): PDF inclu
sion: multiple pdfs with page group included in a single page
> <./svg-inkscape/Q_3_iv_ou_svg-tex.pdf

pdfTeX warning: pdflatex (file ./svg-inkscape/Q_3_iv_ou_svg-tex.pdf): PDF inclu
sion: multiple pdfs with page group included in a single page
> <./svg-inkscape/Q_3_iv_ou_svg-tex.pdf

pdfTeX warning: pdflatex (file ./svg-inkscape/Q_3_iv_ou_svg-tex.pdf): PDF inclu
sion: multiple pdfs with page group included in a single page
> <./svg-inkscape/Q_3_iv_ou_svg-tex.pdf

pdfTeX warning: pdflatex (file ./svg-inkscape/Q_3_iv_ou_svg-tex.pdf): PDF inclu
sion: multiple pdfs with page group included in a single page
> <./svg-inkscape/Q_3_iv_ou_svg-tex.pdf

pdfTeX warning: pdflatex (file ./svg-inkscape/Q_3_iv_ou_svg-tex.pdf): PDF inclu
sion: multiple pdfs with page group included in a single page
> <./svg-inkscape/Q_3_iv_ou_svg-tex.pdf

pdfTeX warning: pdflatex (file ./svg-inkscape/Q_3_iv_ou_svg-tex.pdf): PDF inclu
sion: multiple pdfs with page group included in a single page
> <./svg-inkscape/Q_3_iv_ou_svg-tex.pdf

pdfTeX warning: pdflatex (file ./svg-inkscape/Q_3_iv_ou_svg-tex.pdf): PDF inclu
sion: multiple pdfs with page group included in a single page
> <./svg-inkscape/Q_3_iv_ou_svg-tex.pdf

pdfTeX warning: pdflatex (file ./svg-inkscape/Q_3_iv_ou_svg-tex.pdf): PDF inclu
sion: multiple pdfs with page group included in a single page
> <./svg-inkscape/Q_3_iv_ou_svg-tex.pdf

pdfTeX warning: pdflatex (file ./svg-inkscape/Q_3_iv_ou_svg-tex.pdf): PDF inclu
sion: multiple pdfs with page group included in a single page
> <./svg-inkscape/Q_3_iv_ou_svg-tex.pdf

pdfTeX warning: pdflatex (file ./svg-inkscape/Q_3_iv_ou_svg-tex.pdf): PDF inclu
sion: multiple pdfs with page group included in a single page
> <./svg-inkscape/Q_3_iv_ou_svg-tex.pdf

pdfTeX warning: pdflatex (file ./svg-inkscape/Q_3_iv_ou_svg-tex.pdf): PDF inclu
sion: multiple pdfs with page group included in a single page
> <./svg-inkscape/Q_3_iv_ou_svg-tex.pdf

pdfTeX warning: pdflatex (file ./svg-inkscape/Q_3_iv_ou_svg-tex.pdf): PDF inclu
sion: multiple pdfs with page group included in a single page
> <./svg-inkscape/Q_3_iv_ou_svg-tex.pdf

pdfTeX warning: pdflatex (file ./svg-inkscape/Q_3_iv_ou_svg-tex.pdf): PDF inclu
sion: multiple pdfs with page group included in a single page
> <./svg-inkscape/Q_3_iv_ou_svg-tex.pdf

pdfTeX warning: pdflatex (file ./svg-inkscape/Q_3_iv_ou_svg-tex.pdf): PDF inclu
sion: multiple pdfs with page group included in a single page
> <./svg-inkscape/Q_3_iv_ou_svg-tex.pdf

pdfTeX warning: pdflatex (file ./svg-inkscape/Q_3_iv_ou_svg-tex.pdf): PDF inclu
sion: multiple pdfs with page group included in a single page
>] (../../Lab-files/GP-Files/3/Q_3_v.gp)
Package svg Info: Last page of `./svg-inkscape/Q_3_v_ou_svg-tex.pdf' is 20 on i
nput line 460.

(./svg-inkscape/Q_3_v_ou_svg-tex.pdf_tex
<./svg-inkscape/Q_3_v_ou_svg-tex.pdf, id=574, page=1, 451.6875pt x 361.35pt>
File: ./svg-inkscape/Q_3_v_ou_svg-tex.pdf Graphic file (type pdf)
<use ./svg-inkscape/Q_3_v_ou_svg-tex.pdf, page 1>
Package pdftex.def Info: ./svg-inkscape/Q_3_v_ou_svg-tex.pdf , page1 used on in
put line 56.
(pdftex.def)             Requested size: 469.75502pt x 375.82822pt.
<./svg-inkscape/Q_3_v_ou_svg-tex.pdf, id=575, page=2, 451.6875pt x 361.35pt>
File: ./svg-inkscape/Q_3_v_ou_svg-tex.pdf Graphic file (type pdf)
<use ./svg-inkscape/Q_3_v_ou_svg-tex.pdf, page 2>
Package pdftex.def Info: ./svg-inkscape/Q_3_v_ou_svg-tex.pdf , page2 used on in
put line 58.
(pdftex.def)             Requested size: 469.75502pt x 375.82822pt.
<./svg-inkscape/Q_3_v_ou_svg-tex.pdf, id=576, page=3, 451.6875pt x 361.35pt>
File: ./svg-inkscape/Q_3_v_ou_svg-tex.pdf Graphic file (type pdf)
<use ./svg-inkscape/Q_3_v_ou_svg-tex.pdf, page 3>
Package pdftex.def Info: ./svg-inkscape/Q_3_v_ou_svg-tex.pdf , page3 used on in
put line 60.
(pdftex.def)             Requested size: 469.75502pt x 375.82822pt.
<./svg-inkscape/Q_3_v_ou_svg-tex.pdf, id=577, page=4, 451.6875pt x 361.35pt>
File: ./svg-inkscape/Q_3_v_ou_svg-tex.pdf Graphic file (type pdf)
<use ./svg-inkscape/Q_3_v_ou_svg-tex.pdf, page 4>
Package pdftex.def Info: ./svg-inkscape/Q_3_v_ou_svg-tex.pdf , page4 used on in
put line 62.
(pdftex.def)             Requested size: 469.75502pt x 375.82822pt.
<./svg-inkscape/Q_3_v_ou_svg-tex.pdf, id=578, page=5, 451.6875pt x 361.35pt>
File: ./svg-inkscape/Q_3_v_ou_svg-tex.pdf Graphic file (type pdf)
<use ./svg-inkscape/Q_3_v_ou_svg-tex.pdf, page 5>
Package pdftex.def Info: ./svg-inkscape/Q_3_v_ou_svg-tex.pdf , page5 used on in
put line 64.
(pdftex.def)             Requested size: 469.75502pt x 375.82822pt.
<./svg-inkscape/Q_3_v_ou_svg-tex.pdf, id=579, page=6, 451.6875pt x 361.35pt>
File: ./svg-inkscape/Q_3_v_ou_svg-tex.pdf Graphic file (type pdf)
<use ./svg-inkscape/Q_3_v_ou_svg-tex.pdf, page 6>
Package pdftex.def Info: ./svg-inkscape/Q_3_v_ou_svg-tex.pdf , page6 used on in
put line 66.
(pdftex.def)             Requested size: 469.75502pt x 375.82822pt.
<./svg-inkscape/Q_3_v_ou_svg-tex.pdf, id=580, page=7, 451.6875pt x 361.35pt>
File: ./svg-inkscape/Q_3_v_ou_svg-tex.pdf Graphic file (type pdf)
<use ./svg-inkscape/Q_3_v_ou_svg-tex.pdf, page 7>
Package pdftex.def Info: ./svg-inkscape/Q_3_v_ou_svg-tex.pdf , page7 used on in
put line 68.
(pdftex.def)             Requested size: 469.75502pt x 375.82822pt.
<./svg-inkscape/Q_3_v_ou_svg-tex.pdf, id=581, page=8, 451.6875pt x 361.35pt>
File: ./svg-inkscape/Q_3_v_ou_svg-tex.pdf Graphic file (type pdf)
<use ./svg-inkscape/Q_3_v_ou_svg-tex.pdf, page 8>
Package pdftex.def Info: ./svg-inkscape/Q_3_v_ou_svg-tex.pdf , page8 used on in
put line 70.
(pdftex.def)             Requested size: 469.75502pt x 375.82822pt.
<./svg-inkscape/Q_3_v_ou_svg-tex.pdf, id=582, page=9, 451.6875pt x 361.35pt>
File: ./svg-inkscape/Q_3_v_ou_svg-tex.pdf Graphic file (type pdf)
<use ./svg-inkscape/Q_3_v_ou_svg-tex.pdf, page 9>
Package pdftex.def Info: ./svg-inkscape/Q_3_v_ou_svg-tex.pdf , page9 used on in
put line 72.
(pdftex.def)             Requested size: 469.75502pt x 375.82822pt.
<./svg-inkscape/Q_3_v_ou_svg-tex.pdf, id=583, page=10, 451.6875pt x 361.35pt>
File: ./svg-inkscape/Q_3_v_ou_svg-tex.pdf Graphic file (type pdf)
<use ./svg-inkscape/Q_3_v_ou_svg-tex.pdf, page 10>
Package pdftex.def Info: ./svg-inkscape/Q_3_v_ou_svg-tex.pdf , page10 used on i
nput line 74.
(pdftex.def)             Requested size: 469.75502pt x 375.82822pt.
<./svg-inkscape/Q_3_v_ou_svg-tex.pdf, id=584, page=11, 451.6875pt x 361.35pt>
File: ./svg-inkscape/Q_3_v_ou_svg-tex.pdf Graphic file (type pdf)
<use ./svg-inkscape/Q_3_v_ou_svg-tex.pdf, page 11>
Package pdftex.def Info: ./svg-inkscape/Q_3_v_ou_svg-tex.pdf , page11 used on i
nput line 76.
(pdftex.def)             Requested size: 469.75502pt x 375.82822pt.
<./svg-inkscape/Q_3_v_ou_svg-tex.pdf, id=585, page=12, 451.6875pt x 361.35pt>
File: ./svg-inkscape/Q_3_v_ou_svg-tex.pdf Graphic file (type pdf)
<use ./svg-inkscape/Q_3_v_ou_svg-tex.pdf, page 12>
Package pdftex.def Info: ./svg-inkscape/Q_3_v_ou_svg-tex.pdf , page12 used on i
nput line 78.
(pdftex.def)             Requested size: 469.75502pt x 375.82822pt.
<./svg-inkscape/Q_3_v_ou_svg-tex.pdf, id=586, page=13, 451.6875pt x 361.35pt>
File: ./svg-inkscape/Q_3_v_ou_svg-tex.pdf Graphic file (type pdf)
<use ./svg-inkscape/Q_3_v_ou_svg-tex.pdf, page 13>
Package pdftex.def Info: ./svg-inkscape/Q_3_v_ou_svg-tex.pdf , page13 used on i
nput line 80.
(pdftex.def)             Requested size: 469.75502pt x 375.82822pt.
<./svg-inkscape/Q_3_v_ou_svg-tex.pdf, id=587, page=14, 451.6875pt x 361.35pt>
File: ./svg-inkscape/Q_3_v_ou_svg-tex.pdf Graphic file (type pdf)
<use ./svg-inkscape/Q_3_v_ou_svg-tex.pdf, page 14>
Package pdftex.def Info: ./svg-inkscape/Q_3_v_ou_svg-tex.pdf , page14 used on i
nput line 82.
(pdftex.def)             Requested size: 469.75502pt x 375.82822pt.
<./svg-inkscape/Q_3_v_ou_svg-tex.pdf, id=588, page=15, 451.6875pt x 361.35pt>
File: ./svg-inkscape/Q_3_v_ou_svg-tex.pdf Graphic file (type pdf)
<use ./svg-inkscape/Q_3_v_ou_svg-tex.pdf, page 15>
Package pdftex.def Info: ./svg-inkscape/Q_3_v_ou_svg-tex.pdf , page15 used on i
nput line 84.
(pdftex.def)             Requested size: 469.75502pt x 375.82822pt.
<./svg-inkscape/Q_3_v_ou_svg-tex.pdf, id=589, page=16, 451.6875pt x 361.35pt>
File: ./svg-inkscape/Q_3_v_ou_svg-tex.pdf Graphic file (type pdf)
<use ./svg-inkscape/Q_3_v_ou_svg-tex.pdf, page 16>
Package pdftex.def Info: ./svg-inkscape/Q_3_v_ou_svg-tex.pdf , page16 used on i
nput line 86.
(pdftex.def)             Requested size: 469.75502pt x 375.82822pt.
<./svg-inkscape/Q_3_v_ou_svg-tex.pdf, id=590, page=17, 451.6875pt x 361.35pt>
File: ./svg-inkscape/Q_3_v_ou_svg-tex.pdf Graphic file (type pdf)
<use ./svg-inkscape/Q_3_v_ou_svg-tex.pdf, page 17>
Package pdftex.def Info: ./svg-inkscape/Q_3_v_ou_svg-tex.pdf , page17 used on i
nput line 88.
(pdftex.def)             Requested size: 469.75502pt x 375.82822pt.
<./svg-inkscape/Q_3_v_ou_svg-tex.pdf, id=591, page=18, 451.6875pt x 361.35pt>
File: ./svg-inkscape/Q_3_v_ou_svg-tex.pdf Graphic file (type pdf)
<use ./svg-inkscape/Q_3_v_ou_svg-tex.pdf, page 18>
Package pdftex.def Info: ./svg-inkscape/Q_3_v_ou_svg-tex.pdf , page18 used on i
nput line 90.
(pdftex.def)             Requested size: 469.75502pt x 375.82822pt.
<./svg-inkscape/Q_3_v_ou_svg-tex.pdf, id=592, page=19, 451.6875pt x 361.35pt>
File: ./svg-inkscape/Q_3_v_ou_svg-tex.pdf Graphic file (type pdf)
<use ./svg-inkscape/Q_3_v_ou_svg-tex.pdf, page 19>
Package pdftex.def Info: ./svg-inkscape/Q_3_v_ou_svg-tex.pdf , page19 used on i
nput line 92.
(pdftex.def)             Requested size: 469.75502pt x 375.82822pt.
<./svg-inkscape/Q_3_v_ou_svg-tex.pdf, id=593, page=20, 451.6875pt x 361.35pt>
File: ./svg-inkscape/Q_3_v_ou_svg-tex.pdf Graphic file (type pdf)
<use ./svg-inkscape/Q_3_v_ou_svg-tex.pdf, page 20>
Package pdftex.def Info: ./svg-inkscape/Q_3_v_ou_svg-tex.pdf , page20 used on i
nput line 94.
(pdftex.def)             Requested size: 469.75502pt x 375.82822pt.
) [38] [39 <./svg-inkscape/Q_3_v_ou_svg-tex.pdf> <./svg-inkscape/Q_3_v_ou_svg-t
ex.pdf

pdfTeX warning: pdflatex (file ./svg-inkscape/Q_3_v_ou_svg-tex.pdf): PDF inclus
ion: multiple pdfs with page group included in a single page
> <./svg-inkscape/Q_3_v_ou_svg-tex.pdf

pdfTeX warning: pdflatex (file ./svg-inkscape/Q_3_v_ou_svg-tex.pdf): PDF inclus
ion: multiple pdfs with page group included in a single page
> <./svg-inkscape/Q_3_v_ou_svg-tex.pdf

pdfTeX warning: pdflatex (file ./svg-inkscape/Q_3_v_ou_svg-tex.pdf): PDF inclus
ion: multiple pdfs with page group included in a single page
> <./svg-inkscape/Q_3_v_ou_svg-tex.pdf

pdfTeX warning: pdflatex (file ./svg-inkscape/Q_3_v_ou_svg-tex.pdf): PDF inclus
ion: multiple pdfs with page group included in a single page
> <./svg-inkscape/Q_3_v_ou_svg-tex.pdf

pdfTeX warning: pdflatex (file ./svg-inkscape/Q_3_v_ou_svg-tex.pdf): PDF inclus
ion: multiple pdfs with page group included in a single page
> <./svg-inkscape/Q_3_v_ou_svg-tex.pdf

pdfTeX warning: pdflatex (file ./svg-inkscape/Q_3_v_ou_svg-tex.pdf): PDF inclus
ion: multiple pdfs with page group included in a single page
> <./svg-inkscape/Q_3_v_ou_svg-tex.pdf

pdfTeX warning: pdflatex (file ./svg-inkscape/Q_3_v_ou_svg-tex.pdf): PDF inclus
ion: multiple pdfs with page group included in a single page
> <./svg-inkscape/Q_3_v_ou_svg-tex.pdf

pdfTeX warning: pdflatex (file ./svg-inkscape/Q_3_v_ou_svg-tex.pdf): PDF inclus
ion: multiple pdfs with page group included in a single page
> <./svg-inkscape/Q_3_v_ou_svg-tex.pdf

pdfTeX warning: pdflatex (file ./svg-inkscape/Q_3_v_ou_svg-tex.pdf): PDF inclus
ion: multiple pdfs with page group included in a single page
> <./svg-inkscape/Q_3_v_ou_svg-tex.pdf

pdfTeX warning: pdflatex (file ./svg-inkscape/Q_3_v_ou_svg-tex.pdf): PDF inclus
ion: multiple pdfs with page group included in a single page
> <./svg-inkscape/Q_3_v_ou_svg-tex.pdf

pdfTeX warning: pdflatex (file ./svg-inkscape/Q_3_v_ou_svg-tex.pdf): PDF inclus
ion: multiple pdfs with page group included in a single page
> <./svg-inkscape/Q_3_v_ou_svg-tex.pdf

pdfTeX warning: pdflatex (file ./svg-inkscape/Q_3_v_ou_svg-tex.pdf): PDF inclus
ion: multiple pdfs with page group included in a single page
> <./svg-inkscape/Q_3_v_ou_svg-tex.pdf

pdfTeX warning: pdflatex (file ./svg-inkscape/Q_3_v_ou_svg-tex.pdf): PDF inclus
ion: multiple pdfs with page group included in a single page
> <./svg-inkscape/Q_3_v_ou_svg-tex.pdf

pdfTeX warning: pdflatex (file ./svg-inkscape/Q_3_v_ou_svg-tex.pdf): PDF inclus
ion: multiple pdfs with page group included in a single page
> <./svg-inkscape/Q_3_v_ou_svg-tex.pdf

pdfTeX warning: pdflatex (file ./svg-inkscape/Q_3_v_ou_svg-tex.pdf): PDF inclus
ion: multiple pdfs with page group included in a single page
> <./svg-inkscape/Q_3_v_ou_svg-tex.pdf

pdfTeX warning: pdflatex (file ./svg-inkscape/Q_3_v_ou_svg-tex.pdf): PDF inclus
ion: multiple pdfs with page group included in a single page
> <./svg-inkscape/Q_3_v_ou_svg-tex.pdf

pdfTeX warning: pdflatex (file ./svg-inkscape/Q_3_v_ou_svg-tex.pdf): PDF inclus
ion: multiple pdfs with page group included in a single page
> <./svg-inkscape/Q_3_v_ou_svg-tex.pdf

pdfTeX warning: pdflatex (file ./svg-inkscape/Q_3_v_ou_svg-tex.pdf): PDF inclus
ion: multiple pdfs with page group included in a single page
> <./svg-inkscape/Q_3_v_ou_svg-tex.pdf

pdfTeX warning: pdflatex (file ./svg-inkscape/Q_3_v_ou_svg-tex.pdf): PDF inclus
ion: multiple pdfs with page group included in a single page
>] (../../Lab-files/GP-Files/3/Q_3_vi.gp)
Package svg Info: Last page of `./svg-inkscape/Q_3_vi_ou_svg-tex.pdf' is 26 on 
input line 472.

(./svg-inkscape/Q_3_vi_ou_svg-tex.pdf_tex
<./svg-inkscape/Q_3_vi_ou_svg-tex.pdf, id=603, page=1, 451.6875pt x 361.35pt>
File: ./svg-inkscape/Q_3_vi_ou_svg-tex.pdf Graphic file (type pdf)
<use ./svg-inkscape/Q_3_vi_ou_svg-tex.pdf, page 1>
Package pdftex.def Info: ./svg-inkscape/Q_3_vi_ou_svg-tex.pdf , page1 used on i
nput line 56.
(pdftex.def)             Requested size: 469.75502pt x 375.82822pt.
<./svg-inkscape/Q_3_vi_ou_svg-tex.pdf, id=604, page=2, 451.6875pt x 361.35pt>
File: ./svg-inkscape/Q_3_vi_ou_svg-tex.pdf Graphic file (type pdf)
<use ./svg-inkscape/Q_3_vi_ou_svg-tex.pdf, page 2>
Package pdftex.def Info: ./svg-inkscape/Q_3_vi_ou_svg-tex.pdf , page2 used on i
nput line 58.
(pdftex.def)             Requested size: 469.75502pt x 375.82822pt.
<./svg-inkscape/Q_3_vi_ou_svg-tex.pdf, id=605, page=3, 451.6875pt x 361.35pt>
File: ./svg-inkscape/Q_3_vi_ou_svg-tex.pdf Graphic file (type pdf)
<use ./svg-inkscape/Q_3_vi_ou_svg-tex.pdf, page 3>
Package pdftex.def Info: ./svg-inkscape/Q_3_vi_ou_svg-tex.pdf , page3 used on i
nput line 60.
(pdftex.def)             Requested size: 469.75502pt x 375.82822pt.
<./svg-inkscape/Q_3_vi_ou_svg-tex.pdf, id=606, page=4, 451.6875pt x 361.35pt>
File: ./svg-inkscape/Q_3_vi_ou_svg-tex.pdf Graphic file (type pdf)
<use ./svg-inkscape/Q_3_vi_ou_svg-tex.pdf, page 4>
Package pdftex.def Info: ./svg-inkscape/Q_3_vi_ou_svg-tex.pdf , page4 used on i
nput line 62.
(pdftex.def)             Requested size: 469.75502pt x 375.82822pt.
<./svg-inkscape/Q_3_vi_ou_svg-tex.pdf, id=607, page=5, 451.6875pt x 361.35pt>
File: ./svg-inkscape/Q_3_vi_ou_svg-tex.pdf Graphic file (type pdf)
<use ./svg-inkscape/Q_3_vi_ou_svg-tex.pdf, page 5>
Package pdftex.def Info: ./svg-inkscape/Q_3_vi_ou_svg-tex.pdf , page5 used on i
nput line 64.
(pdftex.def)             Requested size: 469.75502pt x 375.82822pt.
<./svg-inkscape/Q_3_vi_ou_svg-tex.pdf, id=608, page=6, 451.6875pt x 361.35pt>
File: ./svg-inkscape/Q_3_vi_ou_svg-tex.pdf Graphic file (type pdf)
<use ./svg-inkscape/Q_3_vi_ou_svg-tex.pdf, page 6>
Package pdftex.def Info: ./svg-inkscape/Q_3_vi_ou_svg-tex.pdf , page6 used on i
nput line 66.
(pdftex.def)             Requested size: 469.75502pt x 375.82822pt.
<./svg-inkscape/Q_3_vi_ou_svg-tex.pdf, id=609, page=7, 451.6875pt x 361.35pt>
File: ./svg-inkscape/Q_3_vi_ou_svg-tex.pdf Graphic file (type pdf)
<use ./svg-inkscape/Q_3_vi_ou_svg-tex.pdf, page 7>
Package pdftex.def Info: ./svg-inkscape/Q_3_vi_ou_svg-tex.pdf , page7 used on i
nput line 68.
(pdftex.def)             Requested size: 469.75502pt x 375.82822pt.
<./svg-inkscape/Q_3_vi_ou_svg-tex.pdf, id=610, page=8, 451.6875pt x 361.35pt>
File: ./svg-inkscape/Q_3_vi_ou_svg-tex.pdf Graphic file (type pdf)
<use ./svg-inkscape/Q_3_vi_ou_svg-tex.pdf, page 8>
Package pdftex.def Info: ./svg-inkscape/Q_3_vi_ou_svg-tex.pdf , page8 used on i
nput line 70.
(pdftex.def)             Requested size: 469.75502pt x 375.82822pt.
<./svg-inkscape/Q_3_vi_ou_svg-tex.pdf, id=611, page=9, 451.6875pt x 361.35pt>
File: ./svg-inkscape/Q_3_vi_ou_svg-tex.pdf Graphic file (type pdf)
<use ./svg-inkscape/Q_3_vi_ou_svg-tex.pdf, page 9>
Package pdftex.def Info: ./svg-inkscape/Q_3_vi_ou_svg-tex.pdf , page9 used on i
nput line 72.
(pdftex.def)             Requested size: 469.75502pt x 375.82822pt.
<./svg-inkscape/Q_3_vi_ou_svg-tex.pdf, id=612, page=10, 451.6875pt x 361.35pt>
File: ./svg-inkscape/Q_3_vi_ou_svg-tex.pdf Graphic file (type pdf)
<use ./svg-inkscape/Q_3_vi_ou_svg-tex.pdf, page 10>
Package pdftex.def Info: ./svg-inkscape/Q_3_vi_ou_svg-tex.pdf , page10 used on 
input line 74.
(pdftex.def)             Requested size: 469.75502pt x 375.82822pt.
<./svg-inkscape/Q_3_vi_ou_svg-tex.pdf, id=613, page=11, 451.6875pt x 361.35pt>
File: ./svg-inkscape/Q_3_vi_ou_svg-tex.pdf Graphic file (type pdf)
<use ./svg-inkscape/Q_3_vi_ou_svg-tex.pdf, page 11>
Package pdftex.def Info: ./svg-inkscape/Q_3_vi_ou_svg-tex.pdf , page11 used on 
input line 76.
(pdftex.def)             Requested size: 469.75502pt x 375.82822pt.
<./svg-inkscape/Q_3_vi_ou_svg-tex.pdf, id=614, page=12, 451.6875pt x 361.35pt>
File: ./svg-inkscape/Q_3_vi_ou_svg-tex.pdf Graphic file (type pdf)
<use ./svg-inkscape/Q_3_vi_ou_svg-tex.pdf, page 12>
Package pdftex.def Info: ./svg-inkscape/Q_3_vi_ou_svg-tex.pdf , page12 used on 
input line 78.
(pdftex.def)             Requested size: 469.75502pt x 375.82822pt.
<./svg-inkscape/Q_3_vi_ou_svg-tex.pdf, id=615, page=13, 451.6875pt x 361.35pt>
File: ./svg-inkscape/Q_3_vi_ou_svg-tex.pdf Graphic file (type pdf)
<use ./svg-inkscape/Q_3_vi_ou_svg-tex.pdf, page 13>
Package pdftex.def Info: ./svg-inkscape/Q_3_vi_ou_svg-tex.pdf , page13 used on 
input line 80.
(pdftex.def)             Requested size: 469.75502pt x 375.82822pt.
<./svg-inkscape/Q_3_vi_ou_svg-tex.pdf, id=616, page=14, 451.6875pt x 361.35pt>
File: ./svg-inkscape/Q_3_vi_ou_svg-tex.pdf Graphic file (type pdf)
<use ./svg-inkscape/Q_3_vi_ou_svg-tex.pdf, page 14>
Package pdftex.def Info: ./svg-inkscape/Q_3_vi_ou_svg-tex.pdf , page14 used on 
input line 82.
(pdftex.def)             Requested size: 469.75502pt x 375.82822pt.
<./svg-inkscape/Q_3_vi_ou_svg-tex.pdf, id=617, page=15, 451.6875pt x 361.35pt>
File: ./svg-inkscape/Q_3_vi_ou_svg-tex.pdf Graphic file (type pdf)
<use ./svg-inkscape/Q_3_vi_ou_svg-tex.pdf, page 15>
Package pdftex.def Info: ./svg-inkscape/Q_3_vi_ou_svg-tex.pdf , page15 used on 
input line 84.
(pdftex.def)             Requested size: 469.75502pt x 375.82822pt.
<./svg-inkscape/Q_3_vi_ou_svg-tex.pdf, id=618, page=16, 451.6875pt x 361.35pt>
File: ./svg-inkscape/Q_3_vi_ou_svg-tex.pdf Graphic file (type pdf)
<use ./svg-inkscape/Q_3_vi_ou_svg-tex.pdf, page 16>
Package pdftex.def Info: ./svg-inkscape/Q_3_vi_ou_svg-tex.pdf , page16 used on 
input line 86.
(pdftex.def)             Requested size: 469.75502pt x 375.82822pt.
<./svg-inkscape/Q_3_vi_ou_svg-tex.pdf, id=619, page=17, 451.6875pt x 361.35pt>
File: ./svg-inkscape/Q_3_vi_ou_svg-tex.pdf Graphic file (type pdf)
<use ./svg-inkscape/Q_3_vi_ou_svg-tex.pdf, page 17>
Package pdftex.def Info: ./svg-inkscape/Q_3_vi_ou_svg-tex.pdf , page17 used on 
input line 88.
(pdftex.def)             Requested size: 469.75502pt x 375.82822pt.
<./svg-inkscape/Q_3_vi_ou_svg-tex.pdf, id=620, page=18, 451.6875pt x 361.35pt>
File: ./svg-inkscape/Q_3_vi_ou_svg-tex.pdf Graphic file (type pdf)
<use ./svg-inkscape/Q_3_vi_ou_svg-tex.pdf, page 18>
Package pdftex.def Info: ./svg-inkscape/Q_3_vi_ou_svg-tex.pdf , page18 used on 
input line 90.
(pdftex.def)             Requested size: 469.75502pt x 375.82822pt.
<./svg-inkscape/Q_3_vi_ou_svg-tex.pdf, id=621, page=19, 451.6875pt x 361.35pt>
File: ./svg-inkscape/Q_3_vi_ou_svg-tex.pdf Graphic file (type pdf)
<use ./svg-inkscape/Q_3_vi_ou_svg-tex.pdf, page 19>
Package pdftex.def Info: ./svg-inkscape/Q_3_vi_ou_svg-tex.pdf , page19 used on 
input line 92.
(pdftex.def)             Requested size: 469.75502pt x 375.82822pt.
<./svg-inkscape/Q_3_vi_ou_svg-tex.pdf, id=622, page=20, 451.6875pt x 361.35pt>
File: ./svg-inkscape/Q_3_vi_ou_svg-tex.pdf Graphic file (type pdf)
<use ./svg-inkscape/Q_3_vi_ou_svg-tex.pdf, page 20>
Package pdftex.def Info: ./svg-inkscape/Q_3_vi_ou_svg-tex.pdf , page20 used on 
input line 94.
(pdftex.def)             Requested size: 469.75502pt x 375.82822pt.
<./svg-inkscape/Q_3_vi_ou_svg-tex.pdf, id=623, page=21, 451.6875pt x 361.35pt>
File: ./svg-inkscape/Q_3_vi_ou_svg-tex.pdf Graphic file (type pdf)
<use ./svg-inkscape/Q_3_vi_ou_svg-tex.pdf, page 21>
Package pdftex.def Info: ./svg-inkscape/Q_3_vi_ou_svg-tex.pdf , page21 used on 
input line 96.
(pdftex.def)             Requested size: 469.75502pt x 375.82822pt.
<./svg-inkscape/Q_3_vi_ou_svg-tex.pdf, id=624, page=22, 451.6875pt x 361.35pt>
File: ./svg-inkscape/Q_3_vi_ou_svg-tex.pdf Graphic file (type pdf)
<use ./svg-inkscape/Q_3_vi_ou_svg-tex.pdf, page 22>
Package pdftex.def Info: ./svg-inkscape/Q_3_vi_ou_svg-tex.pdf , page22 used on 
input line 98.
(pdftex.def)             Requested size: 469.75502pt x 375.82822pt.
<./svg-inkscape/Q_3_vi_ou_svg-tex.pdf, id=625, page=23, 451.6875pt x 361.35pt>
File: ./svg-inkscape/Q_3_vi_ou_svg-tex.pdf Graphic file (type pdf)
<use ./svg-inkscape/Q_3_vi_ou_svg-tex.pdf, page 23>
Package pdftex.def Info: ./svg-inkscape/Q_3_vi_ou_svg-tex.pdf , page23 used on 
input line 100.
(pdftex.def)             Requested size: 469.75502pt x 375.82822pt.
<./svg-inkscape/Q_3_vi_ou_svg-tex.pdf, id=626, page=24, 451.6875pt x 361.35pt>
File: ./svg-inkscape/Q_3_vi_ou_svg-tex.pdf Graphic file (type pdf)
<use ./svg-inkscape/Q_3_vi_ou_svg-tex.pdf, page 24>
Package pdftex.def Info: ./svg-inkscape/Q_3_vi_ou_svg-tex.pdf , page24 used on 
input line 102.
(pdftex.def)             Requested size: 469.75502pt x 375.82822pt.
<./svg-inkscape/Q_3_vi_ou_svg-tex.pdf, id=627, page=25, 451.6875pt x 361.35pt>
File: ./svg-inkscape/Q_3_vi_ou_svg-tex.pdf Graphic file (type pdf)
<use ./svg-inkscape/Q_3_vi_ou_svg-tex.pdf, page 25>
Package pdftex.def Info: ./svg-inkscape/Q_3_vi_ou_svg-tex.pdf , page25 used on 
input line 105.
(pdftex.def)             Requested size: 469.75502pt x 375.82822pt.
<./svg-inkscape/Q_3_vi_ou_svg-tex.pdf, id=628, page=26, 451.6875pt x 361.35pt>
File: ./svg-inkscape/Q_3_vi_ou_svg-tex.pdf Graphic file (type pdf)
<use ./svg-inkscape/Q_3_vi_ou_svg-tex.pdf, page 26>
Package pdftex.def Info: ./svg-inkscape/Q_3_vi_ou_svg-tex.pdf , page26 used on 
input line 107.
(pdftex.def)             Requested size: 469.75502pt x 375.82822pt.
) [40] [41 <./svg-inkscape/Q_3_vi_ou_svg-tex.pdf> <./svg-inkscape/Q_3_vi_ou_svg
-tex.pdf

pdfTeX warning: pdflatex (file ./svg-inkscape/Q_3_vi_ou_svg-tex.pdf): PDF inclu
sion: multiple pdfs with page group included in a single page
> <./svg-inkscape/Q_3_vi_ou_svg-tex.pdf

pdfTeX warning: pdflatex (file ./svg-inkscape/Q_3_vi_ou_svg-tex.pdf): PDF inclu
sion: multiple pdfs with page group included in a single page
> <./svg-inkscape/Q_3_vi_ou_svg-tex.pdf

pdfTeX warning: pdflatex (file ./svg-inkscape/Q_3_vi_ou_svg-tex.pdf): PDF inclu
sion: multiple pdfs with page group included in a single page
> <./svg-inkscape/Q_3_vi_ou_svg-tex.pdf

pdfTeX warning: pdflatex (file ./svg-inkscape/Q_3_vi_ou_svg-tex.pdf): PDF inclu
sion: multiple pdfs with page group included in a single page
> <./svg-inkscape/Q_3_vi_ou_svg-tex.pdf

pdfTeX warning: pdflatex (file ./svg-inkscape/Q_3_vi_ou_svg-tex.pdf): PDF inclu
sion: multiple pdfs with page group included in a single page
> <./svg-inkscape/Q_3_vi_ou_svg-tex.pdf

pdfTeX warning: pdflatex (file ./svg-inkscape/Q_3_vi_ou_svg-tex.pdf): PDF inclu
sion: multiple pdfs with page group included in a single page
> <./svg-inkscape/Q_3_vi_ou_svg-tex.pdf

pdfTeX warning: pdflatex (file ./svg-inkscape/Q_3_vi_ou_svg-tex.pdf): PDF inclu
sion: multiple pdfs with page group included in a single page
> <./svg-inkscape/Q_3_vi_ou_svg-tex.pdf

pdfTeX warning: pdflatex (file ./svg-inkscape/Q_3_vi_ou_svg-tex.pdf): PDF inclu
sion: multiple pdfs with page group included in a single page
> <./svg-inkscape/Q_3_vi_ou_svg-tex.pdf

pdfTeX warning: pdflatex (file ./svg-inkscape/Q_3_vi_ou_svg-tex.pdf): PDF inclu
sion: multiple pdfs with page group included in a single page
> <./svg-inkscape/Q_3_vi_ou_svg-tex.pdf

pdfTeX warning: pdflatex (file ./svg-inkscape/Q_3_vi_ou_svg-tex.pdf): PDF inclu
sion: multiple pdfs with page group included in a single page
> <./svg-inkscape/Q_3_vi_ou_svg-tex.pdf

pdfTeX warning: pdflatex (file ./svg-inkscape/Q_3_vi_ou_svg-tex.pdf): PDF inclu
sion: multiple pdfs with page group included in a single page
> <./svg-inkscape/Q_3_vi_ou_svg-tex.pdf

pdfTeX warning: pdflatex (file ./svg-inkscape/Q_3_vi_ou_svg-tex.pdf): PDF inclu
sion: multiple pdfs with page group included in a single page
> <./svg-inkscape/Q_3_vi_ou_svg-tex.pdf

pdfTeX warning: pdflatex (file ./svg-inkscape/Q_3_vi_ou_svg-tex.pdf): PDF inclu
sion: multiple pdfs with page group included in a single page
> <./svg-inkscape/Q_3_vi_ou_svg-tex.pdf

pdfTeX warning: pdflatex (file ./svg-inkscape/Q_3_vi_ou_svg-tex.pdf): PDF inclu
sion: multiple pdfs with page group included in a single page
> <./svg-inkscape/Q_3_vi_ou_svg-tex.pdf

pdfTeX warning: pdflatex (file ./svg-inkscape/Q_3_vi_ou_svg-tex.pdf): PDF inclu
sion: multiple pdfs with page group included in a single page
> <./svg-inkscape/Q_3_vi_ou_svg-tex.pdf

pdfTeX warning: pdflatex (file ./svg-inkscape/Q_3_vi_ou_svg-tex.pdf): PDF inclu
sion: multiple pdfs with page group included in a single page
> <./svg-inkscape/Q_3_vi_ou_svg-tex.pdf

pdfTeX warning: pdflatex (file ./svg-inkscape/Q_3_vi_ou_svg-tex.pdf): PDF inclu
sion: multiple pdfs with page group included in a single page
> <./svg-inkscape/Q_3_vi_ou_svg-tex.pdf

pdfTeX warning: pdflatex (file ./svg-inkscape/Q_3_vi_ou_svg-tex.pdf): PDF inclu
sion: multiple pdfs with page group included in a single page
> <./svg-inkscape/Q_3_vi_ou_svg-tex.pdf

pdfTeX warning: pdflatex (file ./svg-inkscape/Q_3_vi_ou_svg-tex.pdf): PDF inclu
sion: multiple pdfs with page group included in a single page
> <./svg-inkscape/Q_3_vi_ou_svg-tex.pdf

pdfTeX warning: pdflatex (file ./svg-inkscape/Q_3_vi_ou_svg-tex.pdf): PDF inclu
sion: multiple pdfs with page group included in a single page
> <./svg-inkscape/Q_3_vi_ou_svg-tex.pdf

pdfTeX warning: pdflatex (file ./svg-inkscape/Q_3_vi_ou_svg-tex.pdf): PDF inclu
sion: multiple pdfs with page group included in a single page
> <./svg-inkscape/Q_3_vi_ou_svg-tex.pdf

pdfTeX warning: pdflatex (file ./svg-inkscape/Q_3_vi_ou_svg-tex.pdf): PDF inclu
sion: multiple pdfs with page group included in a single page
> <./svg-inkscape/Q_3_vi_ou_svg-tex.pdf

pdfTeX warning: pdflatex (file ./svg-inkscape/Q_3_vi_ou_svg-tex.pdf): PDF inclu
sion: multiple pdfs with page group included in a single page
> <./svg-inkscape/Q_3_vi_ou_svg-tex.pdf

pdfTeX warning: pdflatex (file ./svg-inkscape/Q_3_vi_ou_svg-tex.pdf): PDF inclu
sion: multiple pdfs with page group included in a single page
> <./svg-inkscape/Q_3_vi_ou_svg-tex.pdf

pdfTeX warning: pdflatex (file ./svg-inkscape/Q_3_vi_ou_svg-tex.pdf): PDF inclu
sion: multiple pdfs with page group included in a single page
>] (./Lab_nb.aux)
 ***********
LaTeX2e <2025-11-01>
L3 programming layer <2026-01-19>
 ***********
 ) 
Here is how much of TeX's memory you used:
 8611 strings out of 467533
 204972 string characters out of 5422138
 693812 words of memory out of 5000000
 37228 multiletter control sequences out of 15000+600000
 631308 words of font info for 54 fonts, out of 8000000 for 9000
 1141 hyphenation exceptions out of 8191
 94i,15n,93p,325b,1288s stack positions out of 10000i,1000n,20000p,200000b,200000s
</usr/share/texlive/texmf-dist/fonts/type1/public/amsfonts/cm/cmbx10.pfb></us
r/share/texlive/texmf-dist/fonts/type1/public/amsfonts/cm/cmbx12.pfb></usr/shar
e/texlive/texmf-dist/fonts/type1/public/amsfonts/cm/cmex10.pfb></usr/share/texl
ive/texmf-dist/fonts/type1/public/amsfonts/cm/cmitt10.pfb></usr/share/texlive/t
exmf-dist/fonts/type1/public/amsfonts/cm/cmmi10.pfb></usr/share/texlive/texmf-d
ist/fonts/type1/public/amsfonts/cm/cmmi7.pfb></usr/share/texlive/texmf-dist/fon
ts/type1/public/amsfonts/cm/cmr10.pfb></usr/share/texlive/texmf-dist/fonts/type
1/public/amsfonts/cm/cmr17.pfb></usr/share/texlive/texmf-dist/fonts/type1/publi
c/amsfonts/cm/cmr5.pfb></usr/share/texlive/texmf-dist/fonts/type1/public/amsfon
ts/cm/cmr7.pfb></usr/share/texlive/texmf-dist/fonts/type1/public/amsfonts/cm/cm
sy10.pfb></usr/share/texlive/texmf-dist/fonts/type1/public/amsfonts/cm/cmti10.p
fb></usr/share/texlive/texmf-dist/fonts/type1/public/amsfonts/cm/cmtt10.pfb></u
sr/share/texlive/texmf-dist/fonts/type1/public/amsfonts/cm/cmtt8.pfb></usr/shar
e/texlive/texmf-dist/fonts/type1/public/amsfonts/cm/cmtt9.pfb>
Output written on Lab_nb.pdf (41 pages, 583440 bytes).
PDF statistics:
 702 PDF objects out of 1000 (max. 8388607)
 181 compressed objects within 2 object streams
 0 named destinations out of 1000 (max. 500000)
 2243 words of extra memory for PDF output out of 10000 (max. 10000000)

